timestamp,equity
2025-11-10T14:30:00+00:00,100000.1100
2025-11-10T14:31:00+00:00,100000.2100
2025-11-10T14:32:00+00:00,100000.3200
2025-11-10T14:33:00+00:00,100000.4300
2025-11-10T14:34:00+00:00,100000.5300
2025-11-10T14:35:00+00:00,100000.6300
2025-11-10T14:36:00+00:00,100000.7300
2025-11-10T14:37:00+00:00,100000.8300
2025-11-10T14:38:00+00:00,100000.9300
2025-11-10T14:39:00+00:00,100001.0300
2025-11-10T14:40:00+00:00,100001.1400
2025-11-10T14:41:00+00:00,100001.2400
2025-11-10T14:42:00+00:00,100001.3400
2025-11-10T14:43:00+00:00,100001.4400
2025-11-10T14:44:00+00:00,100001.5400
2025-11-10T14:45:00+00:00,100001.6400
2025-11-10T14:46:00+00:00,100001.7400
2025-11-10T14:47:00+00:00,100001.8400
2025-11-10T14:48:00+00:00,100001.9400
2025-11-10T14:49:00+00:00,100002.0400
2025-11-10T14:50:00+00:00,100002.2750
2025-11-10T14:51:00+00:00,100002.8175
2025-11-10T14:52:00+00:00,100003.0700
2025-11-10T14:53:00+00:00,100003.1801
2025-11-10T14:54:00+00:00,100003.3400
2025-11-10T14:55:00+00:00,100002.9100
2025-11-10T14:56:00+00:00,100002.8500
2025-11-10T14:57:00+00:00,100002.9600
2025-11-10T14:58:00+00:00,100003.2450
2025-11-10T14:59:00+00:00,100003.5450
2025-11-10T15:00:00+00:00,100003.2501
2025-11-10T15:01:00+00:00,100003.4700
2025-11-10T15:02:00+00:00,100003.5450
2025-11-10T15:03:00+00:00,100003.2051
2025-11-10T15:04:00+00:00,100003.2606
2025-11-10T15:05:00+00:00,100003.3606
2025-11-10T15:06:00+00:00,100003.4606
2025-11-10T15:07:00+00:00,100003.5606
2025-11-10T15:08:00+00:00,100003.6606
2025-11-10T15:09:00+00:00,100003.7606
2025-11-10T15:10:00+00:00,100003.8606
2025-11-10T15:11:00+00:00,100003.9606
2025-11-10T15:12:00+00:00,100004.0606
2025-11-10T15:13:00+00:00,100004.1606
2025-11-10T15:14:00+00:00,100004.2606
2025-11-10T15:15:00+00:00,100004.3606
2025-11-10T15:16:00+00:00,100004.4606
2025-11-10T15:17:00+00:00,100004.5606
2025-11-10T15:18:00+00:00,100004.6606
2025-11-10T15:19:00+00:00,100004.7606
2025-11-10T15:20:00+00:00,100004.8606
2025-11-10T15:21:00+00:00,100004.9606
2025-11-10T15:22:00+00:00,100005.0606
2025-11-10T15:23:00+00:00,100005.1606
2025-11-10T15:24:00+00:00,100005.2706
2025-11-10T15:25:00+00:00,100005.3706
2025-11-10T15:26:00+00:00,100005.4706
2025-11-10T15:27:00+00:00,100005.5706
2025-11-10T15:28:00+00:00,100005.6806
2025-11-10T15:29:00+00:00,100005.7806
2025-11-10T15:30:00+00:00,100005.8806
2025-11-10T15:31:00+00:00,100005.9806
2025-11-10T15:32:00+00:00,100006.0806
2025-11-10T15:33:00+00:00,100006.1806
2025-11-10T15:34:00+00:00,100006.2806
2025-11-10T15:35:00+00:00,100006.3806
2025-11-10T15:36:00+00:00,100006.4806
2025-11-10T15:37:00+00:00,100006.5806
2025-11-10T15:38:00+00:00,100006.6806
2025-11-10T15:39:00+00:00,100006.7806
2025-11-10T15:40:00+00:00,100006.8806
2025-11-10T15:41:00+00:00,100006.9806
2025-11-10T15:42:00+00:00,100007.0906
2025-11-10T15:43:00+00:00,100007.1906
2025-11-10T15:44:00+00:00,100007.2906
2025-11-10T15:45:00+00:00,100007.3906
2025-11-10T15:46:00+00:00,100007.5006
2025-11-10T15:47:00+00:00,100007.6006
2025-11-10T15:48:00+00:00,100007.7006
2025-11-10T15:49:00+00:00,100007.8006
2025-11-10T15:50:00+00:00,100007.9006
2025-11-10T15:51:00+00:00,100008.0006
2025-11-10T15:52:00+00:00,100008.1006
2025-11-10T15:53:00+00:00,100008.2106
2025-11-10T15:54:00+00:00,100008.3106
2025-11-10T15:55:00+00:00,100008.4106
2025-11-10T15:56:00+00:00,100008.5106
2025-11-10T15:57:00+00:00,100008.6106
2025-11-10T15:58:00+00:00,100008.7206
2025-11-10T15:59:00+00:00,100008.8206
2025-11-10T16:00:00+00:00,100008.9206
2025-11-10T16:01:00+00:00,100009.0206
2025-11-10T16:02:00+00:00,100009.1206
2025-11-10T16:03:00+00:00,100009.2206
2025-11-10T16:04:00+00:00,100009.3206
2025-11-10T16:05:00+00:00,100009.4206
2025-11-10T16:06:00+00:00,100009.5206
2025-11-10T16:07:00+00:00,100009.6206
2025-11-10T16:08:00+00:00,100009.7206
2025-11-10T16:09:00+00:00,100009.8206
2025-11-10T16:10:00+00:00,100009.9206
2025-11-10T16:11:00+00:00,100010.0306
2025-11-10T16:12:00+00:00,100010.1306
2025-11-10T16:13:00+00:00,100010.2306
2025-11-10T16:14:00+00:00,100010.3306
2025-11-10T16:15:00+00:00,100010.4406
2025-11-10T16:16:00+00:00,100010.5406
2025-11-10T16:17:00+00:00,100010.6406
2025-11-10T16:18:00+00:00,100010.7506
2025-11-10T16:19:00+00:00,100010.8506
2025-11-10T16:20:00+00:00,100010.9506
2025-11-10T16:21:00+00:00,100011.0606
2025-11-10T16:22:00+00:00,100011.1606
2025-11-10T16:23:00+00:00,100011.2606
2025-11-10T16:24:00+00:00,100011.3606
2025-11-10T16:25:00+00:00,100011.4706
2025-11-10T16:26:00+00:00,100011.5806
2025-11-10T16:27:00+00:00,100011.6806
2025-11-10T16:28:00+00:00,100011.7806
2025-11-10T16:29:00+00:00,100011.8806
2025-11-10T16:30:00+00:00,100011.9806
2025-11-10T16:31:00+00:00,100012.0806
2025-11-10T16:32:00+00:00,100012.1806
2025-11-10T16:33:00+00:00,100012.2906
2025-11-10T16:34:00+00:00,100012.3906
2025-11-10T16:35:00+00:00,100012.4906
2025-11-10T16:36:00+00:00,100012.5906
2025-11-10T16:37:00+00:00,100012.6906
2025-11-10T16:38:00+00:00,100012.7906
2025-11-10T16:39:00+00:00,100012.9006
2025-11-10T16:40:00+00:00,100013.0106
2025-11-10T16:41:00+00:00,100013.1106
2025-11-10T16:42:00+00:00,100013.2106
2025-11-10T16:43:00+00:00,100013.3106
2025-11-10T16:44:00+00:00,100013.4106
2025-11-10T16:45:00+00:00,100013.5106
2025-11-10T16:46:00+00:00,100013.6106
2025-11-10T16:47:00+00:00,100013.7106
2025-11-10T16:48:00+00:00,100013.8106
2025-11-10T16:49:00+00:00,100013.9106
2025-11-10T16:50:00+00:00,100014.0106
2025-11-10T16:51:00+00:00,100014.1106
2025-11-10T16:52:00+00:00,100014.0706
2025-11-10T16:53:00+00:00,100014.2662
2025-11-10T16:54:00+00:00,100014.2544
2025-11-10T16:55:00+00:00,100014.5056
2025-11-10T16:56:00+00:00,100014.7806
2025-11-10T16:57:00+00:00,100014.8606
2025-11-10T16:58:00+00:00,100015.0106
2025-11-10T16:59:00+00:00,100015.2206
2025-11-10T17:00:00+00:00,100015.3908
2025-11-10T17:01:00+00:00,100015.3228
2025-11-10T17:02:00+00:00,100015.5006
2025-11-10T17:03:00+00:00,100015.6913
2025-11-10T17:04:00+00:00,100015.8106
2025-11-10T17:05:00+00:00,100015.9506
2025-11-10T17:06:00+00:00,100016.2606
2025-11-10T17:07:00+00:00,100016.3106
2025-11-10T17:08:00+00:00,100016.3406
2025-11-10T17:09:00+00:00,100016.4606
2025-11-10T17:10:00+00:00,100016.5109
2025-11-10T17:11:00+00:00,100016.3806
2025-11-10T17:12:00+00:00,100016.5506
2025-11-10T17:13:00+00:00,100016.7302
2025-11-10T17:14:00+00:00,100016.6606
2025-11-10T17:15:00+00:00,100016.7956
2025-11-10T17:16:00+00:00,100016.9106
2025-11-10T17:17:00+00:00,100017.0506
2025-11-10T17:18:00+00:00,100017.1806
2025-11-10T17:19:00+00:00,100017.1706
2025-11-10T17:20:00+00:00,100017.3406
2025-11-10T17:21:00+00:00,100017.3585
2025-11-10T17:22:00+00:00,100017.4206
2025-11-10T17:23:00+00:00,100017.5106
2025-11-10T17:24:00+00:00,100017.5406
2025-11-10T17:25:00+00:00,100017.6406
2025-11-10T17:26:00+00:00,100017.7506
2025-11-10T17:27:00+00:00,100017.8506
2025-11-10T17:28:00+00:00,100017.9506
2025-11-10T17:29:00+00:00,100018.0506
2025-11-10T17:30:00+00:00,100018.1506
2025-11-10T17:31:00+00:00,100018.2506
2025-11-10T17:32:00+00:00,100018.3506
2025-11-10T17:33:00+00:00,100018.4506
2025-11-10T17:34:00+00:00,100018.5606
2025-11-10T17:35:00+00:00,100018.6606
2025-11-10T17:36:00+00:00,100018.7706
2025-11-10T17:37:00+00:00,100018.8706
2025-11-10T17:38:00+00:00,100018.9706
2025-11-10T17:39:00+00:00,100019.0706
2025-11-10T17:40:00+00:00,100019.1706
2025-11-10T17:41:00+00:00,100019.2706
2025-11-10T17:42:00+00:00,100019.3706
2025-11-10T17:43:00+00:00,100019.4706
2025-11-10T17:44:00+00:00,100019.5806
2025-11-10T17:45:00+00:00,100019.6806
2025-11-10T17:46:00+00:00,100019.7806
2025-11-10T17:47:00+00:00,100019.8906
2025-11-10T17:48:00+00:00,100019.9906
2025-11-10T17:49:00+00:00,100020.0615
2025-11-10T17:50:00+00:00,100020.1615
2025-11-10T17:51:00+00:00,100020.3215
2025-11-10T17:52:00+00:00,100020.5415
2025-11-10T17:53:00+00:00,100020.6315
2025-11-10T17:54:00+00:00,100020.7115
2025-11-10T17:55:00+00:00,100020.8003
2025-11-10T17:56:00+00:00,100020.9414
2025-11-10T17:57:00+00:00,100020.8915
2025-11-10T17:58:00+00:00,100021.0765
2025-11-10T17:59:00+00:00,100021.1015
2025-11-10T18:00:00+00:00,100021.2584
2025-11-10T18:01:00+00:00,100021.4015
2025-11-10T18:02:00+00:00,100021.6265
2025-11-10T18:03:00+00:00,100021.7594
2025-11-10T18:04:00+00:00,100021.7415
2025-11-10T18:05:00+00:00,100021.8265
2025-11-10T18:06:00+00:00,100022.0324
2025-11-10T18:07:00+00:00,100022.1015
2025-11-10T18:08:00+00:00,100022.3215
2025-11-10T18:09:00+00:00,100022.3565
2025-11-10T18:10:00+00:00,100022.4915
2025-11-10T18:11:00+00:00,100022.6165
2025-11-10T18:12:00+00:00,100022.8415
2025-11-10T18:13:00+00:00,100023.1216
2025-11-10T18:14:00+00:00,100023.2175
2025-11-10T18:15:00+00:00,100023.3315
2025-11-10T18:16:00+00:00,100023.4415
2025-11-10T18:17:00+00:00,100023.5315
2025-11-10T18:18:00+00:00,100023.6315
2025-11-10T18:19:00+00:00,100023.7015
2025-11-10T18:20:00+00:00,100023.6515
2025-11-10T18:21:00+00:00,100023.6316
2025-11-10T18:22:00+00:00,100023.8650
2025-11-10T18:23:00+00:00,100023.9615
2025-11-10T18:24:00+00:00,100024.0615
2025-11-10T18:25:00+00:00,100024.0315
2025-11-10T18:26:00+00:00,100024.0815
2025-11-10T18:27:00+00:00,100024.1415
2025-11-10T18:28:00+00:00,100024.3715
2025-11-10T18:29:00+00:00,100024.3215
2025-11-10T18:30:00+00:00,100024.4315
2025-11-10T18:31:00+00:00,100024.5315
2025-11-10T18:32:00+00:00,100024.6315
2025-11-10T18:33:00+00:00,100024.7315
2025-11-10T18:34:00+00:00,100024.8315
2025-11-10T18:35:00+00:00,100024.9315
2025-11-10T18:36:00+00:00,100025.0315
2025-11-10T18:37:00+00:00,100025.1315
2025-11-10T18:38:00+00:00,100025.2315
2025-11-10T18:39:00+00:00,100025.3315
2025-11-10T18:40:00+00:00,100025.4315
2025-11-10T18:41:00+00:00,100025.5315
2025-11-10T18:42:00+00:00,100025.6315
2025-11-10T18:43:00+00:00,100025.7315
2025-11-10T18:44:00+00:00,100025.8315
2025-11-10T18:45:00+00:00,100025.9315
2025-11-10T18:46:00+00:00,100026.0315
2025-11-10T18:47:00+00:00,100026.1315
2025-11-10T18:48:00+00:00,100026.2315
2025-11-10T18:49:00+00:00,100026.3315
2025-11-10T18:50:00+00:00,100026.4315
2025-11-10T18:51:00+00:00,100026.5315
2025-11-10T18:52:00+00:00,100026.6115
2025-11-10T18:53:00+00:00,100026.8065
2025-11-10T18:54:00+00:00,100026.9015
2025-11-10T18:55:00+00:00,100026.8135
2025-11-10T18:56:00+00:00,100027.0125
2025-11-10T18:57:00+00:00,100027.1115
2025-11-10T18:58:00+00:00,100027.1915
2025-11-10T18:59:00+00:00,100027.2915
2025-11-10T19:00:00+00:00,100027.5915
2025-11-10T19:01:00+00:00,100027.7415
2025-11-10T19:02:00+00:00,100027.8515
2025-11-10T19:03:00+00:00,100027.8915
2025-11-10T19:04:00+00:00,100028.0015
2025-11-10T19:05:00+00:00,100027.9165
2025-11-10T19:06:00+00:00,100028.2415
2025-11-10T19:07:00+00:00,100028.2215
2025-11-10T19:08:00+00:00,100028.2615
2025-11-10T19:09:00+00:00,100028.3315
2025-11-10T19:10:00+00:00,100028.0000
2025-11-10T19:11:00+00:00,100028.1115
2025-11-10T19:12:00+00:00,100028.2115
2025-11-10T19:13:00+00:00,100028.3215
2025-11-10T19:14:00+00:00,100028.4215
2025-11-10T19:15:00+00:00,100028.5215
2025-11-10T19:16:00+00:00,100028.6215
2025-11-10T19:17:00+00:00,100028.7215
2025-11-10T19:18:00+00:00,100028.8215
2025-11-10T19:19:00+00:00,100028.9215
2025-11-10T19:20:00+00:00,100029.0215
2025-11-10T19:21:00+00:00,100029.1215
2025-11-10T19:22:00+00:00,100029.2315
2025-11-10T19:23:00+00:00,100029.3315
2025-11-10T19:24:00+00:00,100029.4315
2025-11-10T19:25:00+00:00,100029.5315
2025-11-10T19:26:00+00:00,100029.6315
2025-11-10T19:27:00+00:00,100029.7315
2025-11-10T19:28:00+00:00,100029.8315
2025-11-10T19:29:00+00:00,100029.8315
2025-11-10T19:30:00+00:00,100029.9215
2025-11-10T19:31:00+00:00,100030.0415
2025-11-10T19:32:00+00:00,100030.1815
2025-11-10T19:33:00+00:00,100030.3215
2025-11-10T19:34:00+00:00,100030.4315
2025-11-10T19:35:00+00:00,100030.4365
2025-11-10T19:36:00+00:00,100030.5515
2025-11-10T19:37:00+00:00,100030.6715
2025-11-10T19:38:00+00:00,100030.7515
2025-11-10T19:39:00+00:00,100030.8765
2025-11-10T19:40:00+00:00,100030.9315
2025-11-10T19:41:00+00:00,100030.9715
2025-11-10T19:42:00+00:00,100031.0115
2025-11-10T19:43:00+00:00,100031.0965
2025-11-10T19:44:00+00:00,100031.3115
2025-11-10T19:45:00+00:00,100031.2915
2025-11-10T19:46:00+00:00,100031.3415
2025-11-10T19:47:00+00:00,100031.5008
2025-11-10T19:48:00+00:00,100031.5615
2025-11-10T19:49:00+00:00,100031.6765
2025-11-10T19:50:00+00:00,100031.7915
2025-11-10T19:51:00+00:00,100031.9915
2025-11-10T19:52:00+00:00,100032.1015
2025-11-10T19:53:00+00:00,100032.2715
2025-11-10T19:54:00+00:00,100032.3315
2025-11-10T19:55:00+00:00,100032.4615
2025-11-10T19:56:00+00:00,100032.6315
2025-11-10T19:57:00+00:00,100032.6615
2025-11-10T19:58:00+00:00,100032.6315
2025-11-10T19:59:00+00:00,100032.7315
2025-11-10T20:00:00+00:00,100032.9065
2025-11-10T20:01:00+00:00,100032.9515
2025-11-10T20:02:00+00:00,100032.8715
2025-11-10T20:03:00+00:00,100032.9715
2025-11-10T20:04:00+00:00,100033.1415
2025-11-10T20:05:00+00:00,100033.1915
2025-11-10T20:06:00+00:00,100033.2215
2025-11-10T20:07:00+00:00,100033.3215
2025-11-10T20:08:00+00:00,100033.4215
2025-11-10T20:09:00+00:00,100033.5315
2025-11-10T20:10:00+00:00,100033.6415
2025-11-10T20:11:00+00:00,100033.7415
2025-11-10T20:12:00+00:00,100033.8415
2025-11-10T20:13:00+00:00,100033.9515
2025-11-10T20:14:00+00:00,100034.0515
2025-11-10T20:15:00+00:00,100034.1515
2025-11-10T20:16:00+00:00,100034.2515
2025-11-10T20:17:00+00:00,100034.3515
2025-11-10T20:18:00+00:00,100034.4515
2025-11-10T20:19:00+00:00,100034.5515
2025-11-10T20:20:00+00:00,100034.6515
2025-11-10T20:21:00+00:00,100034.7515
2025-11-10T20:22:00+00:00,100034.8515
2025-11-10T20:23:00+00:00,100034.9515
2025-11-10T20:24:00+00:00,100035.0515
2025-11-10T20:25:00+00:00,100035.1515
2025-11-10T20:26:00+00:00,100035.2515
2025-11-10T20:27:00+00:00,100035.3515
2025-11-10T20:28:00+00:00,100035.4515
2025-11-10T20:29:00+00:00,100035.5515
2025-11-10T20:30:00+00:00,100035.6515
2025-11-10T20:31:00+00:00,100035.7515
2025-11-10T20:32:00+00:00,100035.8615
2025-11-10T20:33:00+00:00,100035.9615
2025-11-10T20:34:00+00:00,100036.0715
2025-11-10T20:35:00+00:00,100036.1715
2025-11-10T20:36:00+00:00,100036.2715
2025-11-10T20:37:00+00:00,100036.3715
2025-11-10T20:38:00+00:00,100036.4715
2025-11-10T20:39:00+00:00,100036.5715
2025-11-10T20:40:00+00:00,100036.6715
2025-11-10T20:41:00+00:00,100036.7715
2025-11-10T20:42:00+00:00,100036.8715
2025-11-10T20:43:00+00:00,100036.9715
2025-11-10T20:44:00+00:00,100037.0815
2025-11-10T20:45:00+00:00,100037.1815
2025-11-10T20:46:00+00:00,100037.2815
2025-11-10T20:47:00+00:00,100037.3815
2025-11-10T20:48:00+00:00,100037.4815
2025-11-10T20:49:00+00:00,100037.5815
2025-11-10T20:50:00+00:00,100037.6915
2025-11-10T20:51:00+00:00,100037.7915
2025-11-10T20:52:00+00:00,100037.8915
2025-11-10T20:53:00+00:00,100037.9915
2025-11-10T20:54:00+00:00,100038.0915
2025-11-10T20:55:00+00:00,100038.1915
2025-11-10T20:56:00+00:00,100038.3015
2025-11-10T20:57:00+00:00,100038.4015
2025-11-10T20:58:00+00:00,100038.5715
2025-11-10T20:59:00+00:00,100038.6715
2025-11-11T14:30:00+00:00,100039.8115
2025-11-11T14:31:00+00:00,100040.2115
2025-11-11T14:32:00+00:00,100040.9015
2025-11-11T14:33:00+00:00,100040.8688
2025-11-11T14:34:00+00:00,100040.5515
2025-11-11T14:35:00+00:00,100040.5315
2025-11-11T14:36:00+00:00,100040.9252
2025-11-11T14:37:00+00:00,100040.8425
2025-11-11T14:38:00+00:00,100041.1515
2025-11-11T14:39:00+00:00,100041.5316
2025-11-11T14:40:00+00:00,100041.9465
2025-11-11T14:41:00+00:00,100042.2915
2025-11-11T14:42:00+00:00,100042.9765
2025-11-11T14:43:00+00:00,100043.2023
2025-11-11T14:44:00+00:00,100043.9966
2025-11-11T14:45:00+00:00,100044.1515
2025-11-11T14:46:00+00:00,100044.3616
2025-11-11T14:47:00+00:00,100044.7715
2025-11-11T14:48:00+00:00,100045.3011
2025-11-11T14:49:00+00:00,100045.4215
2025-11-11T14:50:00+00:00,100045.1515
2025-11-11T14:51:00+00:00,100045.1415
2025-11-11T14:52:00+00:00,100045.6015
2025-11-11T14:53:00+00:00,100045.7865
2025-11-11T14:54:00+00:00,100045.7765
2025-11-11T14:55:00+00:00,100045.8915
2025-11-11T14:56:00+00:00,100045.8715
2025-11-11T14:57:00+00:00,100045.6615
2025-11-11T14:58:00+00:00,100045.8876
2025-11-11T14:59:00+00:00,100046.2015
2025-11-11T15:00:00+00:00,100045.6115
2025-11-11T15:01:00+00:00,100045.5415
2025-11-11T15:02:00+00:00,100045.7015
2025-11-11T15:03:00+00:00,100045.8115
2025-11-11T15:04:00+00:00,100045.9215
2025-11-11T15:05:00+00:00,100046.0215
2025-11-11T15:06:00+00:00,100046.1215
2025-11-11T15:07:00+00:00,100046.2215
2025-11-11T15:08:00+00:00,100046.3215
2025-11-11T15:09:00+00:00,100046.4215
2025-11-11T15:10:00+00:00,100046.5215
2025-11-11T15:11:00+00:00,100046.6215
2025-11-11T15:12:00+00:00,100046.7315
2025-11-11T15:13:00+00:00,100046.8415
2025-11-11T15:14:00+00:00,100046.9515
2025-11-11T15:15:00+00:00,100047.0515
2025-11-11T15:16:00+00:00,100047.1515
2025-11-11T15:17:00+00:00,100047.0016
2025-11-11T15:18:00+00:00,100047.1415
2025-11-11T15:19:00+00:00,100047.4315
2025-11-11T15:20:00+00:00,100047.6015
2025-11-11T15:21:00+00:00,100047.6415
2025-11-11T15:22:00+00:00,100048.0080
2025-11-11T15:23:00+00:00,100048.2515
2025-11-11T15:24:00+00:00,100048.6415
2025-11-11T15:25:00+00:00,100049.0215
2025-11-11T15:26:00+00:00,100048.9965
2025-11-11T15:27:00+00:00,100049.6065
2025-11-11T15:28:00+00:00,100049.7115
2025-11-11T15:29:00+00:00,100049.4115
2025-11-11T15:30:00+00:00,100049.3165
2025-11-11T15:31:00+00:00,100049.4743
2025-11-11T15:32:00+00:00,100049.6715
2025-11-11T15:33:00+00:00,100049.5915
2025-11-11T15:34:00+00:00,100049.9515
2025-11-11T15:35:00+00:00,100050.0015
2025-11-11T15:36:00+00:00,100050.2416
2025-11-11T15:37:00+00:00,100050.1615
2025-11-11T15:38:00+00:00,100049.9991
2025-11-11T15:39:00+00:00,100050.1515
2025-11-11T15:40:00+00:00,100050.0915
2025-11-11T15:41:00+00:00,100050.0309
2025-11-11T15:42:00+00:00,100050.1309
2025-11-11T15:43:00+00:00,100050.2309
2025-11-11T15:44:00+00:00,100050.3309
2025-11-11T15:45:00+00:00,100050.4309
2025-11-11T15:46:00+00:00,100050.5309
2025-11-11T15:47:00+00:00,100050.6309
2025-11-11T15:48:00+00:00,100050.7309
2025-11-11T15:49:00+00:00,100050.8309
2025-11-11T15:50:00+00:00,100050.9309
2025-11-11T15:51:00+00:00,100051.0309
2025-11-11T15:52:00+00:00,100051.1309
2025-11-11T15:53:00+00:00,100051.2309
2025-11-11T15:54:00+00:00,100051.3309
2025-11-11T15:55:00+00:00,100051.4409
2025-11-11T15:56:00+00:00,100051.5409
2025-11-11T15:57:00+00:00,100051.6409
2025-11-11T15:58:00+00:00,100051.7509
2025-11-11T15:59:00+00:00,100051.8509
2025-11-11T16:00:00+00:00,100051.9509
2025-11-11T16:01:00+00:00,100052.0509
2025-11-11T16:02:00+00:00,100052.1509
2025-11-11T16:03:00+00:00,100052.2509
2025-11-11T16:04:00+00:00,100052.3509
2025-11-11T16:05:00+00:00,100052.4509
2025-11-11T16:06:00+00:00,100052.5509
2025-11-11T16:07:00+00:00,100052.6509
2025-11-11T16:08:00+00:00,100052.7509
2025-11-11T16:09:00+00:00,100052.8509
2025-11-11T16:10:00+00:00,100053.0561
2025-11-11T16:11:00+00:00,100053.1109
2025-11-11T16:12:00+00:00,100053.3094
2025-11-11T16:13:00+00:00,100053.1909
2025-11-11T16:14:00+00:00,100053.1616
2025-11-11T16:15:00+00:00,100053.0909
2025-11-11T16:16:00+00:00,100053.1263
2025-11-11T16:17:00+00:00,100053.1809
2025-11-11T16:18:00+00:00,100053.2709
2025-11-11T16:19:00+00:00,100053.3709
2025-11-11T16:20:00+00:00,100053.4709
2025-11-11T16:21:00+00:00,100053.5709
2025-11-11T16:22:00+00:00,100053.6709
2025-11-11T16:23:00+00:00,100053.7709
2025-11-11T16:24:00+00:00,100053.8709
2025-11-11T16:25:00+00:00,100053.9709
2025-11-11T16:26:00+00:00,100054.0709
2025-11-11T16:27:00+00:00,100054.1709
2025-11-11T16:28:00+00:00,100054.2709
2025-11-11T16:29:00+00:00,100054.3709
2025-11-11T16:30:00+00:00,100054.4709
2025-11-11T16:31:00+00:00,100054.5809
2025-11-11T16:32:00+00:00,100054.6809
2025-11-11T16:33:00+00:00,100054.7809
2025-11-11T16:34:00+00:00,100054.8809
2025-11-11T16:35:00+00:00,100054.9809
2025-11-11T16:36:00+00:00,100055.0809
2025-11-11T16:37:00+00:00,100055.1809
2025-11-11T16:38:00+00:00,100055.2809
2025-11-11T16:39:00+00:00,100055.3809
2025-11-11T16:40:00+00:00,100055.4809
2025-11-11T16:41:00+00:00,100055.5809
2025-11-11T16:42:00+00:00,100055.6809
2025-11-11T16:43:00+00:00,100055.7809
2025-11-11T16:44:00+00:00,100055.8909
2025-11-11T16:45:00+00:00,100055.9909
2025-11-11T16:46:00+00:00,100056.0909
2025-11-11T16:47:00+00:00,100056.1909
2025-11-11T16:48:00+00:00,100056.2909
2025-11-11T16:49:00+00:00,100056.4009
2025-11-11T16:50:00+00:00,100056.5009
2025-11-11T16:51:00+00:00,100056.6009
2025-11-11T16:52:00+00:00,100056.7009
2025-11-11T16:53:00+00:00,100056.8009
2025-11-11T16:54:00+00:00,100056.9009
2025-11-11T16:55:00+00:00,100057.0009
2025-11-11T16:56:00+00:00,100057.1009
2025-11-11T16:57:00+00:00,100057.2109
2025-11-11T16:58:00+00:00,100057.3109
2025-11-11T16:59:00+00:00,100057.4109
2025-11-11T17:00:00+00:00,100057.5109
2025-11-11T17:01:00+00:00,100057.6109
2025-11-11T17:02:00+00:00,100057.7109
2025-11-11T17:03:00+00:00,100057.8109
2025-11-11T17:04:00+00:00,100057.8999
2025-11-11T17:05:00+00:00,100058.1827
2025-11-11T17:06:00+00:00,100058.2727
2025-11-11T17:07:00+00:00,100058.3328
2025-11-11T17:08:00+00:00,100058.3127
2025-11-11T17:09:00+00:00,100058.2727
2025-11-11T17:10:00+00:00,100058.2227
2025-11-11T17:11:00+00:00,100058.2727
2025-11-11T17:12:00+00:00,100058.3727
2025-11-11T17:13:00+00:00,100058.5627
2025-11-11T17:14:00+00:00,100058.8983
2025-11-11T17:15:00+00:00,100059.2027
2025-11-11T17:16:00+00:00,100059.1317
2025-11-11T17:17:00+00:00,100059.4227
2025-11-11T17:18:00+00:00,100059.5477
2025-11-11T17:19:00+00:00,100059.7478
2025-11-11T17:20:00+00:00,100059.8627
2025-11-11T17:21:00+00:00,100059.9327
2025-11-11T17:22:00+00:00,100060.3527
2025-11-11T17:23:00+00:00,100060.7173
2025-11-11T17:24:00+00:00,100060.9127
2025-11-11T17:25:00+00:00,100060.8627
2025-11-11T17:26:00+00:00,100060.8779
2025-11-11T17:27:00+00:00,100060.9527
2025-11-11T17:28:00+00:00,100061.2177
2025-11-11T17:29:00+00:00,100061.1777
2025-11-11T17:30:00+00:00,100061.2727
2025-11-11T17:31:00+00:00,100061.1977
2025-11-11T17:32:00+00:00,100061.4163
2025-11-11T17:33:00+00:00,100061.5678
2025-11-11T17:34:00+00:00,100061.7967
2025-11-11T17:35:00+00:00,100061.7778
2025-11-11T17:36:00+00:00,100061.8727
2025-11-11T17:37:00+00:00,100061.9427
2025-11-11T17:38:00+00:00,100061.9427
2025-11-11T17:39:00+00:00,100061.9827
2025-11-11T17:40:00+00:00,100062.2627
2025-11-11T17:41:00+00:00,100062.4327
2025-11-11T17:42:00+00:00,100062.5677
2025-11-11T17:43:00+00:00,100062.6780
2025-11-11T17:44:00+00:00,100062.9827
2025-11-11T17:45:00+00:00,100063.1127
2025-11-11T17:46:00+00:00,100063.1127
2025-11-11T17:47:00+00:00,100063.0927
2025-11-11T17:48:00+00:00,100063.3527
2025-11-11T17:49:00+00:00,100063.4827
2025-11-11T17:50:00+00:00,100063.5766
2025-11-11T17:51:00+00:00,100063.6627
2025-11-11T17:52:00+00:00,100063.8427
2025-11-11T17:53:00+00:00,100063.9627
2025-11-11T17:54:00+00:00,100063.9627
2025-11-11T17:55:00+00:00,100064.1327
2025-11-11T17:56:00+00:00,100064.3427
2025-11-11T17:57:00+00:00,100064.4306
2025-11-11T17:58:00+00:00,100064.6127
2025-11-11T17:59:00+00:00,100064.7327
2025-11-11T18:00:00+00:00,100064.9127
2025-11-11T18:01:00+00:00,100065.2027
2025-11-11T18:02:00+00:00,100065.1277
2025-11-11T18:03:00+00:00,100065.3377
2025-11-11T18:04:00+00:00,100065.2427
2025-11-11T18:05:00+00:00,100065.2527
2025-11-11T18:06:00+00:00,100065.4027
2025-11-11T18:07:00+00:00,100065.5427
2025-11-11T18:08:00+00:00,100065.9527
2025-11-11T18:09:00+00:00,100066.1034
2025-11-11T18:10:00+00:00,100066.2245
2025-11-11T18:11:00+00:00,100066.3334
2025-11-11T18:12:00+00:00,100066.4937
2025-11-11T18:13:00+00:00,100066.5227
2025-11-11T18:14:00+00:00,100066.5497
2025-11-11T18:15:00+00:00,100066.5823
2025-11-11T18:16:00+00:00,100066.8627
2025-11-11T18:17:00+00:00,100066.9588
2025-11-11T18:18:00+00:00,100067.0827
2025-11-11T18:19:00+00:00,100067.3727
2025-11-11T18:20:00+00:00,100067.3734
2025-11-11T18:21:00+00:00,100067.5377
2025-11-11T18:22:00+00:00,100067.5827
2025-11-11T18:23:00+00:00,100067.6927
2025-11-11T18:24:00+00:00,100067.8127
2025-11-11T18:25:00+00:00,100068.1427
2025-11-11T18:26:00+00:00,100068.2226
2025-11-11T18:27:00+00:00,100068.2233
2025-11-11T18:28:00+00:00,100068.3827
2025-11-11T18:29:00+00:00,100068.4127
2025-11-11T18:30:00+00:00,100068.4727
2025-11-11T18:31:00+00:00,100068.6777
2025-11-11T18:32:00+00:00,100069.0228
2025-11-11T18:33:00+00:00,100069.0727
2025-11-11T18:34:00+00:00,100069.3127
2025-11-11T18:35:00+00:00,100069.4526
2025-11-11T18:36:00+00:00,100069.2215
2025-11-11T18:37:00+00:00,100069.2327
2025-11-11T18:38:00+00:00,100069.2677
2025-11-11T18:39:00+00:00,100069.3227
2025-11-11T18:40:00+00:00,100069.4127
2025-11-11T18:41:00+00:00,100069.4877
2025-11-11T18:42:00+00:00,100069.5877
2025-11-11T18:43:00+00:00,100069.6877
2025-11-11T18:44:00+00:00,100069.7877
2025-11-11T18:45:00+00:00,100069.8877
2025-11-11T18:46:00+00:00,100069.9877
2025-11-11T18:47:00+00:00,100070.0877
2025-11-11T18:48:00+00:00,100070.1877
2025-11-11T18:49:00+00:00,100070.2877
2025-11-11T18:50:00+00:00,100070.3877
2025-11-11T18:51:00+00:00,100070.4877
2025-11-11T18:52:00+00:00,100070.5877
2025-11-11T18:53:00+00:00,100070.6877
2025-11-11T18:54:00+00:00,100070.7877
2025-11-11T18:55:00+00:00,100070.8877
2025-11-11T18:56:00+00:00,100070.9877
2025-11-11T18:57:00+00:00,100071.0877
2025-11-11T18:58:00+00:00,100071.1977
2025-11-11T18:59:00+00:00,100071.2977
2025-11-11T19:00:00+00:00,100071.3977
2025-11-11T19:01:00+00:00,100071.4977
2025-11-11T19:02:00+00:00,100071.5977
2025-11-11T19:03:00+00:00,100071.6977
2025-11-11T19:04:00+00:00,100071.7977
2025-11-11T19:05:00+00:00,100071.8977
2025-11-11T19:06:00+00:00,100072.0077
2025-11-11T19:07:00+00:00,100072.1177
2025-11-11T19:08:00+00:00,100072.2177
2025-11-11T19:09:00+00:00,100072.3177
2025-11-11T19:10:00+00:00,100072.4177
2025-11-11T19:11:00+00:00,100072.5177
2025-11-11T19:12:00+00:00,100072.8177
2025-11-11T19:13:00+00:00,100072.9177
2025-11-11T19:14:00+00:00,100072.9427
2025-11-11T19:15:00+00:00,100073.2177
2025-11-11T19:16:00+00:00,100073.4477
2025-11-11T19:17:00+00:00,100073.4099
2025-11-11T19:18:00+00:00,100073.5217
2025-11-11T19:19:00+00:00,100073.7477
2025-11-11T19:20:00+00:00,100073.8478
2025-11-11T19:21:00+00:00,100074.0877
2025-11-11T19:22:00+00:00,100074.2827
2025-11-11T19:23:00+00:00,100074.4877
2025-11-11T19:24:00+00:00,100074.4377
2025-11-11T19:25:00+00:00,100074.3577
2025-11-11T19:26:00+00:00,100074.5347
2025-11-11T19:27:00+00:00,100074.7477
2025-11-11T19:28:00+00:00,100074.8977
2025-11-11T19:29:00+00:00,100074.8777
2025-11-11T19:30:00+00:00,100075.0327
2025-11-11T19:31:00+00:00,100074.9977
2025-11-11T19:32:00+00:00,100074.9977
2025-11-11T19:33:00+00:00,100075.1877
2025-11-11T19:34:00+00:00,100075.2577
2025-11-11T19:35:00+00:00,100075.3677
2025-11-11T19:36:00+00:00,100075.5577
2025-11-11T19:37:00+00:00,100075.6727
2025-11-11T19:38:00+00:00,100075.7427
2025-11-11T19:39:00+00:00,100075.7697
2025-11-11T19:40:00+00:00,100075.7881
2025-11-11T19:41:00+00:00,100076.0677
2025-11-11T19:42:00+00:00,100076.1377
2025-11-11T19:43:00+00:00,100076.0877
2025-11-11T19:44:00+00:00,100076.1977
2025-11-11T19:45:00+00:00,100076.2677
2025-11-11T19:46:00+00:00,100076.4277
2025-11-11T19:47:00+00:00,100076.5177
2025-11-11T19:48:00+00:00,100076.7877
2025-11-11T19:49:00+00:00,100076.8677
2025-11-11T19:50:00+00:00,100077.0027
2025-11-11T19:51:00+00:00,100077.0277
2025-11-11T19:52:00+00:00,100077.1725
2025-11-11T19:53:00+00:00,100077.3427
2025-11-11T19:54:00+00:00,100077.4477
2025-11-11T19:55:00+00:00,100077.5877
2025-11-11T19:56:00+00:00,100077.7427
2025-11-11T19:57:00+00:00,100077.8186
2025-11-11T19:58:00+00:00,100077.8277
2025-11-11T19:59:00+00:00,100078.1677
2025-11-11T20:00:00+00:00,100078.3277
2025-11-11T20:01:00+00:00,100078.4377
2025-11-11T20:02:00+00:00,100078.4177
2025-11-11T20:03:00+00:00,100078.4913
2025-11-11T20:04:00+00:00,100078.7927
2025-11-11T20:05:00+00:00,100078.9627
2025-11-11T20:06:00+00:00,100079.0127
2025-11-11T20:07:00+00:00,100079.0677
2025-11-11T20:08:00+00:00,100079.0927
2025-11-11T20:09:00+00:00,100079.1277
2025-11-11T20:10:00+00:00,100079.2177
2025-11-11T20:11:00+00:00,100079.4655
2025-11-11T20:12:00+00:00,100079.5477
2025-11-11T20:13:00+00:00,100079.5577
2025-11-11T20:14:00+00:00,100079.5795
2025-11-11T20:15:00+00:00,100079.6877
2025-11-11T20:16:00+00:00,100079.7677
2025-11-11T20:17:00+00:00,100079.7727
2025-11-11T20:18:00+00:00,100080.0277
2025-11-11T20:19:00+00:00,100079.9987
2025-11-11T20:20:00+00:00,100080.2527
2025-11-11T20:21:00+00:00,100080.2977
2025-11-11T20:22:00+00:00,100080.3977
2025-11-11T20:23:00+00:00,100080.4877
2025-11-11T20:24:00+00:00,100080.6377
2025-11-11T20:25:00+00:00,100080.6777
2025-11-11T20:26:00+00:00,100080.6927
2025-11-11T20:27:00+00:00,100080.8177
2025-11-11T20:28:00+00:00,100080.8477
2025-11-11T20:29:00+00:00,100080.9377
2025-11-11T20:30:00+00:00,100080.9577
2025-11-11T20:31:00+00:00,100081.0877
2025-11-11T20:32:00+00:00,100081.4677
2025-11-11T20:33:00+00:00,100081.5177
2025-11-11T20:34:00+00:00,100081.6477
2025-11-11T20:35:00+00:00,100081.6727
2025-11-11T20:36:00+00:00,100081.6027
2025-11-11T20:37:00+00:00,100081.7377
2025-11-11T20:38:00+00:00,100081.8977
2025-11-11T20:39:00+00:00,100082.0227
2025-11-11T20:40:00+00:00,100082.1277
2025-11-11T20:41:00+00:00,100081.9777
2025-11-11T20:42:00+00:00,100082.1627
2025-11-11T20:43:00+00:00,100082.3577
2025-11-11T20:44:00+00:00,100082.6777
2025-11-11T20:45:00+00:00,100082.9477
2025-11-11T20:46:00+00:00,100082.9578
2025-11-11T20:47:00+00:00,100083.0877
2025-11-11T20:48:00+00:00,100083.1077
2025-11-11T20:49:00+00:00,100083.3577
2025-11-11T20:50:00+00:00,100083.5187
2025-11-11T20:51:00+00:00,100083.7277
2025-11-11T20:52:00+00:00,100083.7277
2025-11-11T20:53:00+00:00,100083.7977
2025-11-11T20:54:00+00:00,100083.4977
2025-11-11T20:55:00+00:00,100083.2798
2025-11-11T20:56:00+00:00,100083.4777
2025-11-11T20:57:00+00:00,100083.6777
2025-11-11T20:58:00+00:00,100083.7777
2025-11-11T20:59:00+00:00,100083.8777
2025-11-12T14:30:00+00:00,100083.9777
2025-11-12T14:31:00+00:00,100084.0777
2025-11-12T14:32:00+00:00,100084.1777
2025-11-12T14:33:00+00:00,100084.2777
2025-11-12T14:34:00+00:00,100084.3777
2025-11-12T14:35:00+00:00,100084.4777
2025-11-12T14:36:00+00:00,100084.5877
2025-11-12T14:37:00+00:00,100084.6877
2025-11-12T14:38:00+00:00,100084.7877
2025-11-12T14:39:00+00:00,100084.8877
2025-11-12T14:40:00+00:00,100084.9877
2025-11-12T14:41:00+00:00,100085.0877
2025-11-12T14:42:00+00:00,100085.1877
2025-11-12T14:43:00+00:00,100085.2977
2025-11-12T14:44:00+00:00,100085.3977
2025-11-12T14:45:00+00:00,100085.4977
2025-11-12T14:46:00+00:00,100085.5977
2025-11-12T14:47:00+00:00,100085.6977
2025-11-12T14:48:00+00:00,100085.8077
2025-11-12T14:49:00+00:00,100085.9077
2025-11-12T14:50:00+00:00,100086.0077
2025-11-12T14:51:00+00:00,100086.1177
2025-11-12T14:52:00+00:00,100086.2177
2025-11-12T14:53:00+00:00,100086.3177
2025-11-12T14:54:00+00:00,100086.4177
2025-11-12T14:55:00+00:00,100086.5177
2025-11-12T14:56:00+00:00,100086.6177
2025-11-12T14:57:00+00:00,100086.7177
2025-11-12T14:58:00+00:00,100086.8277
2025-11-12T14:59:00+00:00,100086.9277
2025-11-12T15:00:00+00:00,100087.0377
2025-11-12T15:01:00+00:00,100087.1477
2025-11-12T15:02:00+00:00,100087.2577
2025-11-12T15:03:00+00:00,100087.3383
2025-11-12T15:04:00+00:00,100087.5927
2025-11-12T15:05:00+00:00,100087.5027
2025-11-12T15:06:00+00:00,100087.7741
2025-11-12T15:07:00+00:00,100087.8277
2025-11-12T15:08:00+00:00,100088.0527
2025-11-12T15:09:00+00:00,100088.2577
2025-11-12T15:10:00+00:00,100088.1527
2025-11-12T15:11:00+00:00,100088.1977
2025-11-12T15:12:00+00:00,100088.3328
2025-11-12T15:13:00+00:00,100088.1027
2025-11-12T15:14:00+00:00,100088.3527
2025-11-12T15:15:00+00:00,100088.8222
2025-11-12T15:16:00+00:00,100088.8627
2025-11-12T15:17:00+00:00,100088.9930
2025-11-12T15:18:00+00:00,100089.2527
2025-11-12T15:19:00+00:00,100089.0277
2025-11-12T15:20:00+00:00,100089.3027
2025-11-12T15:21:00+00:00,100089.2427
2025-11-12T15:22:00+00:00,100089.5527
2025-11-12T15:23:00+00:00,100089.6979
2025-11-12T15:24:00+00:00,100089.8227
2025-11-12T15:25:00+00:00,100089.8027
2025-11-12T15:26:00+00:00,100089.9927
2025-11-12T15:27:00+00:00,100089.6577
2025-11-12T15:28:00+00:00,100089.6549
2025-11-12T15:29:00+00:00,100089.9127
2025-11-12T15:30:00+00:00,100089.7634
2025-11-12T15:31:00+00:00,100089.8734
2025-11-12T15:32:00+00:00,100089.9734
2025-11-12T15:33:00+00:00,100090.0734
2025-11-12T15:34:00+00:00,100090.1734
2025-11-12T15:35:00+00:00,100090.2734
2025-11-12T15:36:00+00:00,100090.3734
2025-11-12T15:37:00+00:00,100090.7629
2025-11-12T15:38:00+00:00,100090.9394
2025-11-12T15:39:00+00:00,100091.1679
2025-11-12T15:40:00+00:00,100091.3101
2025-11-12T15:41:00+00:00,100091.4779
2025-11-12T15:42:00+00:00,100091.1980
2025-11-12T15:43:00+00:00,100091.1379
2025-11-12T15:44:00+00:00,100091.3329
2025-11-12T15:45:00+00:00,100091.3279
2025-11-12T15:46:00+00:00,100091.3979
2025-11-12T15:47:00+00:00,100091.3979
2025-11-12T15:48:00+00:00,100091.4979
2025-11-12T15:49:00+00:00,100091.5879
2025-11-12T15:50:00+00:00,100091.7879
2025-11-12T15:51:00+00:00,100092.1479
2025-11-12T15:52:00+00:00,100092.0529
2025-11-12T15:53:00+00:00,100092.1279
2025-11-12T15:54:00+00:00,100092.2679
2025-11-12T15:55:00+00:00,100092.5579
2025-11-12T15:56:00+00:00,100092.8079
2025-11-12T15:57:00+00:00,100092.9379
2025-11-12T15:58:00+00:00,100093.0479
2025-11-12T15:59:00+00:00,100093.0804
2025-11-12T16:00:00+00:00,100093.1929
2025-11-12T16:01:00+00:00,100093.3570
2025-11-12T16:02:00+00:00,100093.5729
2025-11-12T16:03:00+00:00,100093.4629
2025-11-12T16:04:00+00:00,100093.5579
2025-11-12T16:05:00+00:00,100093.7479
2025-11-12T16:06:00+00:00,100093.6320
2025-11-12T16:07:00+00:00,100093.6280
2025-11-12T16:08:00+00:00,100093.7379
2025-11-12T16:09:00+00:00,100094.0079
2025-11-12T16:10:00+00:00,100094.1579
2025-11-12T16:11:00+00:00,100094.2279
2025-11-12T16:12:00+00:00,100094.3779
2025-11-12T16:13:00+00:00,100094.4579
2025-11-12T16:14:00+00:00,100094.6879
2025-11-12T16:15:00+00:00,100094.9379
2025-11-12T16:16:00+00:00,100095.0379
2025-11-12T16:17:00+00:00,100095.0379
2025-11-12T16:18:00+00:00,100094.9697
2025-11-12T16:19:00+00:00,100095.1879
2025-11-12T16:20:00+00:00,100095.2179
2025-11-12T16:21:00+00:00,100095.3779
2025-11-12T16:22:00+00:00,100095.4779
2025-11-12T16:23:00+00:00,100095.6079
2025-11-12T16:24:00+00:00,100095.5379
2025-11-12T16:25:00+00:00,100095.8217
2025-11-12T16:26:00+00:00,100095.9679
2025-11-12T16:27:00+00:00,100096.2354
2025-11-12T16:28:00+00:00,100096.3579
2025-11-12T16:29:00+00:00,100096.5779
2025-11-12T16:30:00+00:00,100096.4037
2025-11-12T16:31:00+00:00,100096.4479
2025-11-12T16:32:00+00:00,100096.5879
2025-11-12T16:33:00+00:00,100096.7879
2025-11-12T16:34:00+00:00,100096.7281
2025-11-12T16:35:00+00:00,100097.1279
2025-11-12T16:36:00+00:00,100097.2079
2025-11-12T16:37:00+00:00,100097.3976
2025-11-12T16:38:00+00:00,100097.4579
2025-11-12T16:39:00+00:00,100097.5079
2025-11-12T16:40:00+00:00,100097.6179
2025-11-12T16:41:00+00:00,100097.8279
2025-11-12T16:42:00+00:00,100097.9229
2025-11-12T16:43:00+00:00,100098.0679
2025-11-12T16:44:00+00:00,100098.2579
2025-11-12T16:45:00+00:00,100098.2901
2025-11-12T16:46:00+00:00,100098.1279
2025-11-12T16:47:00+00:00,100098.0991
2025-11-12T16:48:00+00:00,100098.0979
2025-11-12T16:49:00+00:00,100098.1501
2025-11-12T16:50:00+00:00,100098.2479
2025-11-12T16:51:00+00:00,100098.3479
2025-11-12T16:52:00+00:00,100098.4479
2025-11-12T16:53:00+00:00,100098.5479
2025-11-12T16:54:00+00:00,100098.6479
2025-11-12T16:55:00+00:00,100098.7579
2025-11-12T16:56:00+00:00,100098.8579
2025-11-12T16:57:00+00:00,100098.9579
2025-11-12T16:58:00+00:00,100099.0579
2025-11-12T16:59:00+00:00,100099.1579
2025-11-12T17:00:00+00:00,100099.2579
2025-11-12T17:01:00+00:00,100099.3579
2025-11-12T17:02:00+00:00,100099.4579
2025-11-12T17:03:00+00:00,100099.5579
2025-11-12T17:04:00+00:00,100099.6579
2025-11-12T17:05:00+00:00,100099.7679
2025-11-12T17:06:00+00:00,100099.8679
2025-11-12T17:07:00+00:00,100099.9679
2025-11-12T17:08:00+00:00,100100.0679
2025-11-12T17:09:00+00:00,100100.1679
2025-11-12T17:10:00+00:00,100100.2679
2025-11-12T17:11:00+00:00,100100.3679
2025-11-12T17:12:00+00:00,100100.4679
2025-11-12T17:13:00+00:00,100100.5679
2025-11-12T17:14:00+00:00,100100.6679
2025-11-12T17:15:00+00:00,100100.7679
2025-11-12T17:16:00+00:00,100100.8679
2025-11-12T17:17:00+00:00,100100.9679
2025-11-12T17:18:00+00:00,100101.0679
2025-11-12T17:19:00+00:00,100101.1679
2025-11-12T17:20:00+00:00,100101.2679
2025-11-12T17:21:00+00:00,100101.3779
2025-11-12T17:22:00+00:00,100101.4779
2025-11-12T17:23:00+00:00,100101.5779
2025-11-12T17:24:00+00:00,100101.6779
2025-11-12T17:25:00+00:00,100101.8607
2025-11-12T17:26:00+00:00,100101.8707
2025-11-12T17:27:00+00:00,100102.1757
2025-11-12T17:28:00+00:00,100102.3407
2025-11-12T17:29:00+00:00,100102.4307
2025-11-12T17:30:00+00:00,100102.6007
2025-11-12T17:31:00+00:00,100102.7103
2025-11-12T17:32:00+00:00,100102.9002
2025-11-12T17:33:00+00:00,100102.9407
2025-11-12T17:34:00+00:00,100103.0207
2025-11-12T17:35:00+00:00,100103.1607
2025-11-12T17:36:00+00:00,100103.2707
2025-11-12T17:37:00+00:00,100103.4407
2025-11-12T17:38:00+00:00,100103.5619
2025-11-12T17:39:00+00:00,100103.6587
2025-11-12T17:40:00+00:00,100103.8757
2025-11-12T17:41:00+00:00,100103.9189
2025-11-12T17:42:00+00:00,100103.9227
2025-11-12T17:43:00+00:00,100103.9507
2025-11-12T17:44:00+00:00,100103.9907
2025-11-12T17:45:00+00:00,100104.1507
2025-11-12T17:46:00+00:00,100104.2207
2025-11-12T17:47:00+00:00,100104.3657
2025-11-12T17:48:00+00:00,100104.3907
2025-11-12T17:49:00+00:00,100104.4206
2025-11-12T17:50:00+00:00,100104.3807
2025-11-12T17:51:00+00:00,100104.4707
2025-11-12T17:52:00+00:00,100104.5807
2025-11-12T17:53:00+00:00,100104.6807
2025-11-12T17:54:00+00:00,100104.7807
2025-11-12T17:55:00+00:00,100104.8807
2025-11-12T17:56:00+00:00,100104.9807
2025-11-12T17:57:00+00:00,100105.0807
2025-11-12T17:58:00+00:00,100105.1807
2025-11-12T17:59:00+00:00,100105.2807
2025-11-12T18:00:00+00:00,100105.3807
2025-11-12T18:01:00+00:00,100105.4807
2025-11-12T18:02:00+00:00,100105.5807
2025-11-12T18:03:00+00:00,100105.8887
2025-11-12T18:04:00+00:00,100106.0287
2025-11-12T18:05:00+00:00,100106.2513
2025-11-12T18:06:00+00:00,100106.3287
2025-11-12T18:07:00+00:00,100106.3787
2025-11-12T18:08:00+00:00,100106.4287
2025-11-12T18:09:00+00:00,100106.4402
2025-11-12T18:10:00+00:00,100106.6087
2025-11-12T18:11:00+00:00,100106.6787
2025-11-12T18:12:00+00:00,100106.8287
2025-11-12T18:13:00+00:00,100106.9487
2025-11-12T18:14:00+00:00,100107.1387
2025-11-12T18:15:00+00:00,100107.2837
2025-11-12T18:16:00+00:00,100107.3737
2025-11-12T18:17:00+00:00,100107.2587
2025-11-12T18:18:00+00:00,100107.2987
2025-11-12T18:19:00+00:00,100107.4387
2025-11-12T18:20:00+00:00,100107.5239
2025-11-12T18:21:00+00:00,100107.6827
2025-11-12T18:22:00+00:00,100107.7487
2025-11-12T18:23:00+00:00,100107.9287
2025-11-12T18:24:00+00:00,100108.0737
2025-11-12T18:25:00+00:00,100108.1888
2025-11-12T18:26:00+00:00,100108.3487
2025-11-12T18:27:00+00:00,100108.4287
2025-11-12T18:28:00+00:00,100108.4637
2025-11-12T18:29:00+00:00,100108.6087
2025-11-12T18:30:00+00:00,100108.8187
2025-11-12T18:31:00+00:00,100108.8887
2025-11-12T18:32:00+00:00,100108.8087
2025-11-12T18:33:00+00:00,100108.9837
2025-11-12T18:34:00+00:00,100108.9737
2025-11-12T18:35:00+00:00,100108.9887
2025-11-12T18:36:00+00:00,100109.2787
2025-11-12T18:37:00+00:00,100109.4582
2025-11-12T18:38:00+00:00,100109.6287
2025-11-12T18:39:00+00:00,100109.7687
2025-11-12T18:40:00+00:00,100109.9487
2025-11-12T18:41:00+00:00,100110.1587
2025-11-12T18:42:00+00:00,100110.1537
2025-11-12T18:43:00+00:00,100110.2887
2025-11-12T18:44:00+00:00,100110.3687
2025-11-12T18:45:00+00:00,100110.5787
2025-11-12T18:46:00+00:00,100110.6587
2025-11-12T18:47:00+00:00,100110.7977
2025-11-12T18:48:00+00:00,100110.8387
2025-11-12T18:49:00+00:00,100110.7087
2025-11-12T18:50:00+00:00,100110.7888
2025-11-12T18:51:00+00:00,100110.9887
2025-11-12T18:52:00+00:00,100111.2487
2025-11-12T18:53:00+00:00,100111.1987
2025-11-12T18:54:00+00:00,100111.3537
2025-11-12T18:55:00+00:00,100111.5954
2025-11-12T18:56:00+00:00,100111.7187
2025-11-12T18:57:00+00:00,100111.8787
2025-11-12T18:58:00+00:00,100111.9587
2025-11-12T18:59:00+00:00,100112.0787
2025-11-12T19:00:00+00:00,100112.1587
2025-11-12T19:01:00+00:00,100112.3237
2025-11-12T19:02:00+00:00,100112.5486
2025-11-12T19:03:00+00:00,100112.6887
2025-11-12T19:04:00+00:00,100112.9087
2025-11-12T19:05:00+00:00,100112.7514
2025-11-12T19:06:00+00:00,100112.4787
2025-11-12T19:07:00+00:00,100112.4587
2025-11-12T19:08:00+00:00,100112.7587
2025-11-12T19:09:00+00:00,100112.7937
2025-11-12T19:10:00+00:00,100112.8937
2025-11-12T19:11:00+00:00,100112.9937
2025-11-12T19:12:00+00:00,100113.0937
2025-11-12T19:13:00+00:00,100113.1937
2025-11-12T19:14:00+00:00,100113.2937
2025-11-12T19:15:00+00:00,100113.3937
2025-11-12T19:16:00+00:00,100113.4937
2025-11-12T19:17:00+00:00,100113.5937
2025-11-12T19:18:00+00:00,100113.6937
2025-11-12T19:19:00+00:00,100113.7937
2025-11-12T19:20:00+00:00,100113.9037
2025-11-12T19:21:00+00:00,100114.0037
2025-11-12T19:22:00+00:00,100114.1037
2025-11-12T19:23:00+00:00,100114.2037
2025-11-12T19:24:00+00:00,100114.3037
2025-11-12T19:25:00+00:00,100114.4137
2025-11-12T19:26:00+00:00,100114.5137
2025-11-12T19:27:00+00:00,100114.6237
2025-11-12T19:28:00+00:00,100114.7237
2025-11-12T19:29:00+00:00,100114.8237
2025-11-12T19:30:00+00:00,100114.9237
2025-11-12T19:31:00+00:00,100115.0237
2025-11-12T19:32:00+00:00,100115.1237
2025-11-12T19:33:00+00:00,100115.2237
2025-11-12T19:34:00+00:00,100115.3237
2025-11-12T19:35:00+00:00,100115.4237
2025-11-12T19:36:00+00:00,100115.5237
2025-11-12T19:37:00+00:00,100115.6337
2025-11-12T19:38:00+00:00,100115.7337
2025-11-12T19:39:00+00:00,100115.8337
2025-11-12T19:40:00+00:00,100115.9337
2025-11-12T19:41:00+00:00,100116.0337
2025-11-12T19:42:00+00:00,100116.1337
2025-11-12T19:43:00+00:00,100116.2337
2025-11-12T19:44:00+00:00,100116.3337
2025-11-12T19:45:00+00:00,100116.4437
2025-11-12T19:46:00+00:00,100116.5437
2025-11-12T19:47:00+00:00,100116.6437
2025-11-12T19:48:00+00:00,100116.7437
2025-11-12T19:49:00+00:00,100116.8437
2025-11-12T19:50:00+00:00,100116.9437
2025-11-12T19:51:00+00:00,100117.0437
2025-11-12T19:52:00+00:00,100117.1437
2025-11-12T19:53:00+00:00,100117.2437
2025-11-12T19:54:00+00:00,100117.3437
2025-11-12T19:55:00+00:00,100117.4437
2025-11-12T19:56:00+00:00,100117.5437
2025-11-12T19:57:00+00:00,100117.6437
2025-11-12T19:58:00+00:00,100117.7537
2025-11-12T19:59:00+00:00,100117.8537
2025-11-12T20:00:00+00:00,100117.9537
2025-11-12T20:01:00+00:00,100118.0537
2025-11-12T20:02:00+00:00,100118.1537
2025-11-12T20:03:00+00:00,100118.2537
2025-11-12T20:04:00+00:00,100118.3537
2025-11-12T20:05:00+00:00,100118.4537
2025-11-12T20:06:00+00:00,100118.5537
2025-11-12T20:07:00+00:00,100118.6537
2025-11-12T20:08:00+00:00,100118.7537
2025-11-12T20:09:00+00:00,100118.8637
2025-11-12T20:10:00+00:00,100118.9637
2025-11-12T20:11:00+00:00,100119.0637
2025-11-12T20:12:00+00:00,100119.1637
2025-11-12T20:13:00+00:00,100119.2637
2025-11-12T20:14:00+00:00,100119.3637
2025-11-12T20:15:00+00:00,100119.4637
2025-11-12T20:16:00+00:00,100119.5637
2025-11-12T20:17:00+00:00,100119.6637
2025-11-12T20:18:00+00:00,100119.7637
2025-11-12T20:19:00+00:00,100119.8637
2025-11-12T20:20:00+00:00,100119.9637
2025-11-12T20:21:00+00:00,100120.0637
2025-11-12T20:22:00+00:00,100120.1637
2025-11-12T20:23:00+00:00,100120.2637
2025-11-12T20:24:00+00:00,100120.3737
2025-11-12T20:25:00+00:00,100120.4737
2025-11-12T20:26:00+00:00,100120.5737
2025-11-12T20:27:00+00:00,100120.6737
2025-11-12T20:28:00+00:00,100120.7837
2025-11-12T20:29:00+00:00,100120.8837
2025-11-12T20:30:00+00:00,100120.9837
2025-11-12T20:31:00+00:00,100121.0837
2025-11-12T20:32:00+00:00,100121.1237
2025-11-12T20:33:00+00:00,100121.3737
2025-11-12T20:34:00+00:00,100121.3337
2025-11-12T20:35:00+00:00,100121.4437
2025-11-12T20:36:00+00:00,100121.4437
2025-11-12T20:37:00+00:00,100121.4537
2025-11-12T20:38:00+00:00,100121.4137
2025-11-12T20:39:00+00:00,100121.6491
2025-11-12T20:40:00+00:00,100121.8787
2025-11-12T20:41:00+00:00,100121.8337
2025-11-12T20:42:00+00:00,100121.9887
2025-11-12T20:43:00+00:00,100122.0237
2025-11-12T20:44:00+00:00,100122.2737
2025-11-12T20:45:00+00:00,100122.3437
2025-11-12T20:46:00+00:00,100122.2737
2025-11-12T20:47:00+00:00,100122.4537
2025-11-12T20:48:00+00:00,100122.4137
2025-11-12T20:49:00+00:00,100122.5287
2025-11-12T20:50:00+00:00,100123.1325
2025-11-12T20:51:00+00:00,100123.3437
2025-11-12T20:52:00+00:00,100123.4137
2025-11-12T20:53:00+00:00,100123.4060
2025-11-12T20:54:00+00:00,100122.7737
2025-11-12T20:55:00+00:00,100122.7887
2025-11-12T20:56:00+00:00,100122.7237
2025-11-12T20:57:00+00:00,100122.8237
2025-11-12T20:58:00+00:00,100122.9237
2025-11-12T20:59:00+00:00,100123.0237
2025-11-13T14:30:00+00:00,100123.1237
2025-11-13T14:31:00+00:00,100123.2237
2025-11-13T14:32:00+00:00,100123.3237
2025-11-13T14:33:00+00:00,100123.4237
2025-11-13T14:34:00+00:00,100123.2416
2025-11-13T14:35:00+00:00,100123.8737
2025-11-13T14:36:00+00:00,100123.6487
2025-11-13T14:37:00+00:00,100124.0537
2025-11-13T14:38:00+00:00,100124.2137
2025-11-13T14:39:00+00:00,100124.9527
2025-11-13T14:40:00+00:00,100125.5038
2025-11-13T14:41:00+00:00,100125.7350
2025-11-13T14:42:00+00:00,100126.4137
2025-11-13T14:43:00+00:00,100126.0637
2025-11-13T14:44:00+00:00,100126.3237
2025-11-13T14:45:00+00:00,100125.8737
2025-11-13T14:46:00+00:00,100125.3737
2025-11-13T14:47:00+00:00,100125.3437
2025-11-13T14:48:00+00:00,100125.2737
2025-11-13T14:49:00+00:00,100124.9837
2025-11-13T14:50:00+00:00,100125.0437
2025-11-13T14:51:00+00:00,100125.1537
2025-11-13T14:52:00+00:00,100125.2637
2025-11-13T14:53:00+00:00,100125.3637
2025-11-13T14:54:00+00:00,100125.4637
2025-11-13T14:55:00+00:00,100125.5737
2025-11-13T14:56:00+00:00,100125.6837
2025-11-13T14:57:00+00:00,100125.7937
2025-11-13T14:58:00+00:00,100125.8937
2025-11-13T14:59:00+00:00,100125.9937
2025-11-13T15:00:00+00:00,100126.0937
2025-11-13T15:01:00+00:00,100126.1937
2025-11-13T15:02:00+00:00,100126.2937
2025-11-13T15:03:00+00:00,100126.3937
2025-11-13T15:04:00+00:00,100126.4937
2025-11-13T15:05:00+00:00,100126.5937
2025-11-13T15:06:00+00:00,100126.7037
2025-11-13T15:07:00+00:00,100126.8037
2025-11-13T15:08:00+00:00,100126.9037
2025-11-13T15:09:00+00:00,100127.0037
2025-11-13T15:10:00+00:00,100127.1037
2025-11-13T15:11:00+00:00,100127.2037
2025-11-13T15:12:00+00:00,100127.3037
2025-11-13T15:13:00+00:00,100127.4037
2025-11-13T15:14:00+00:00,100127.5037
2025-11-13T15:15:00+00:00,100127.6037
2025-11-13T15:16:00+00:00,100127.7037
2025-11-13T15:17:00+00:00,100127.8037
2025-11-13T15:18:00+00:00,100127.9037
2025-11-13T15:19:00+00:00,100128.0037
2025-11-13T15:20:00+00:00,100128.1037
2025-11-13T15:21:00+00:00,100128.2037
2025-11-13T15:22:00+00:00,100128.3037
2025-11-13T15:23:00+00:00,100128.4037
2025-11-13T15:24:00+00:00,100128.5037
2025-11-13T15:25:00+00:00,100128.6037
2025-11-13T15:26:00+00:00,100128.7037
2025-11-13T15:27:00+00:00,100128.8037
2025-11-13T15:28:00+00:00,100128.9037
2025-11-13T15:29:00+00:00,100129.0037
2025-11-13T15:30:00+00:00,100129.1037
2025-11-13T15:31:00+00:00,100129.2137
2025-11-13T15:32:00+00:00,100129.3137
2025-11-13T15:33:00+00:00,100129.4137
2025-11-13T15:34:00+00:00,100129.5237
2025-11-13T15:35:00+00:00,100129.6237
2025-11-13T15:36:00+00:00,100129.7237
2025-11-13T15:37:00+00:00,100129.8237
2025-11-13T15:38:00+00:00,100129.9237
2025-11-13T15:39:00+00:00,100130.0337
2025-11-13T15:40:00+00:00,100130.1337
2025-11-13T15:41:00+00:00,100130.2337
2025-11-13T15:42:00+00:00,100130.3337
2025-11-13T15:43:00+00:00,100130.4437
2025-11-13T15:44:00+00:00,100130.5537
2025-11-13T15:45:00+00:00,100130.6537
2025-11-13T15:46:00+00:00,100130.7537
2025-11-13T15:47:00+00:00,100130.8537
2025-11-13T15:48:00+00:00,100130.9537
2025-11-13T15:49:00+00:00,100131.0537
2025-11-13T15:50:00+00:00,100131.1637
2025-11-13T15:51:00+00:00,100131.2637
2025-11-13T15:52:00+00:00,100131.3637
2025-11-13T15:53:00+00:00,100131.4637
2025-11-13T15:54:00+00:00,100131.5637
2025-11-13T15:55:00+00:00,100131.6637
2025-11-13T15:56:00+00:00,100131.7637
2025-11-13T15:57:00+00:00,100131.8637
2025-11-13T15:58:00+00:00,100131.9637
2025-11-13T15:59:00+00:00,100132.0637
2025-11-13T16:00:00+00:00,100132.1737
2025-11-13T16:01:00+00:00,100132.3787
2025-11-13T16:02:00+00:00,100132.4986
2025-11-13T16:03:00+00:00,100132.1687
2025-11-13T16:04:00+00:00,100132.1987
2025-11-13T16:05:00+00:00,100132.3887
2025-11-13T16:06:00+00:00,100132.4386
2025-11-13T16:07:00+00:00,100132.4987
2025-11-13T16:08:00+00:00,100132.7287
2025-11-13T16:09:00+00:00,100132.9887
2025-11-13T16:10:00+00:00,100132.8766
2025-11-13T16:11:00+00:00,100133.2937
2025-11-13T16:12:00+00:00,100133.4009
2025-11-13T16:13:00+00:00,100133.5982
2025-11-13T16:14:00+00:00,100133.8295
2025-11-13T16:15:00+00:00,100134.2187
2025-11-13T16:16:00+00:00,100134.2287
2025-11-13T16:17:00+00:00,100134.5687
2025-11-13T16:18:00+00:00,100134.6088
2025-11-13T16:19:00+00:00,100134.9337
2025-11-13T16:20:00+00:00,100135.1387
2025-11-13T16:21:00+00:00,100135.0980
2025-11-13T16:22:00+00:00,100135.2687
2025-11-13T16:23:00+00:00,100135.4487
2025-11-13T16:24:00+00:00,100135.3987
2025-11-13T16:25:00+00:00,100135.6487
2025-11-13T16:26:00+00:00,100135.9837
2025-11-13T16:27:00+00:00,100136.1487
2025-11-13T16:28:00+00:00,100136.2237
2025-11-13T16:29:00+00:00,100136.2758
2025-11-13T16:30:00+00:00,100136.3587
2025-11-13T16:31:00+00:00,100136.5287
2025-11-13T16:32:00+00:00,100136.7387
2025-11-13T16:33:00+00:00,100136.6987
2025-11-13T16:34:00+00:00,100137.0187
2025-11-13T16:35:00+00:00,100137.0207
2025-11-13T16:36:00+00:00,100136.6587
2025-11-13T16:37:00+00:00,100136.8537
2025-11-13T16:38:00+00:00,100136.9987
2025-11-13T16:39:00+00:00,100136.8387
2025-11-13T16:40:00+00:00,100137.1187
2025-11-13T16:41:00+00:00,100137.2187
2025-11-13T16:42:00+00:00,100137.3187
2025-11-13T16:43:00+00:00,100137.4287
2025-11-13T16:44:00+00:00,100137.5287
2025-11-13T16:45:00+00:00,100137.6287
2025-11-13T16:46:00+00:00,100137.7287
2025-11-13T16:47:00+00:00,100137.8287
2025-11-13T16:48:00+00:00,100137.9287
2025-11-13T16:49:00+00:00,100138.0287
2025-11-13T16:50:00+00:00,100138.1287
2025-11-13T16:51:00+00:00,100138.2287
2025-11-13T16:52:00+00:00,100138.3287
2025-11-13T16:53:00+00:00,100138.4387
2025-11-13T16:54:00+00:00,100138.5387
2025-11-13T16:55:00+00:00,100138.6487
2025-11-13T16:56:00+00:00,100138.7487
2025-11-13T16:57:00+00:00,100138.8487
2025-11-13T16:58:00+00:00,100138.9487
2025-11-13T16:59:00+00:00,100139.0487
2025-11-13T17:00:00+00:00,100139.1487
2025-11-13T17:01:00+00:00,100138.7657
2025-11-13T17:02:00+00:00,100138.6757
2025-11-13T17:03:00+00:00,100139.0407
2025-11-13T17:04:00+00:00,100139.2657
2025-11-13T17:05:00+00:00,100139.3161
2025-11-13T17:06:00+00:00,100139.5157
2025-11-13T17:07:00+00:00,100139.4427
2025-11-13T17:08:00+00:00,100139.4857
2025-11-13T17:09:00+00:00,100139.0357
2025-11-13T17:10:00+00:00,100139.0339
2025-11-13T17:11:00+00:00,100139.1439
2025-11-13T17:12:00+00:00,100139.2439
2025-11-13T17:13:00+00:00,100139.3439
2025-11-13T17:14:00+00:00,100139.4439
2025-11-13T17:15:00+00:00,100139.5439
2025-11-13T17:16:00+00:00,100139.6439
2025-11-13T17:17:00+00:00,100139.7439
2025-11-13T17:18:00+00:00,100139.8439
2025-11-13T17:19:00+00:00,100139.9439
2025-11-13T17:20:00+00:00,100140.0439
2025-11-13T17:21:00+00:00,100140.1439
2025-11-13T17:22:00+00:00,100140.2439
2025-11-13T17:23:00+00:00,100140.3439
2025-11-13T17:24:00+00:00,100140.4439
2025-11-13T17:25:00+00:00,100140.5439
2025-11-13T17:26:00+00:00,100140.6439
2025-11-13T17:27:00+00:00,100140.7439
2025-11-13T17:28:00+00:00,100140.8439
2025-11-13T17:29:00+00:00,100140.9439
2025-11-13T17:30:00+00:00,100141.0539
2025-11-13T17:31:00+00:00,100141.1539
2025-11-13T17:32:00+00:00,100141.2539
2025-11-13T17:33:00+00:00,100141.3539
2025-11-13T17:34:00+00:00,100141.4539
2025-11-13T17:35:00+00:00,100141.5539
2025-11-13T17:36:00+00:00,100141.6539
2025-11-13T17:37:00+00:00,100141.7539
2025-11-13T17:38:00+00:00,100141.8539
2025-11-13T17:39:00+00:00,100141.9539
2025-11-13T17:40:00+00:00,100142.0639
2025-11-13T17:41:00+00:00,100142.1639
2025-11-13T17:42:00+00:00,100142.2639
2025-11-13T17:43:00+00:00,100142.3639
2025-11-13T17:44:00+00:00,100142.4639
2025-11-13T17:45:00+00:00,100142.5639
2025-11-13T17:46:00+00:00,100142.6639
2025-11-13T17:47:00+00:00,100142.7639
2025-11-13T17:48:00+00:00,100142.8639
2025-11-13T17:49:00+00:00,100142.9639
2025-11-13T17:50:00+00:00,100143.0639
2025-11-13T17:51:00+00:00,100143.1639
2025-11-13T17:52:00+00:00,100143.2639
2025-11-13T17:53:00+00:00,100143.3639
2025-11-13T17:54:00+00:00,100143.4739
2025-11-13T17:55:00+00:00,100143.5739
2025-11-13T17:56:00+00:00,100143.6739
2025-11-13T17:57:00+00:00,100143.7739
2025-11-13T17:58:00+00:00,100143.8739
2025-11-13T17:59:00+00:00,100143.9739
2025-11-13T18:00:00+00:00,100144.0839
2025-11-13T18:01:00+00:00,100144.1839
2025-11-13T18:02:00+00:00,100144.2839
2025-11-13T18:03:00+00:00,100144.3839
2025-11-13T18:04:00+00:00,100144.4839
2025-11-13T18:05:00+00:00,100144.5839
2025-11-13T18:06:00+00:00,100144.6839
2025-11-13T18:07:00+00:00,100144.7839
2025-11-13T18:08:00+00:00,100144.8839
2025-11-13T18:09:00+00:00,100144.8745
2025-11-13T18:10:00+00:00,100145.0189
2025-11-13T18:11:00+00:00,100145.1139
2025-11-13T18:12:00+00:00,100145.4639
2025-11-13T18:13:00+00:00,100145.4539
2025-11-13T18:14:00+00:00,100145.7441
2025-11-13T18:15:00+00:00,100145.8089
2025-11-13T18:16:00+00:00,100145.7639
2025-11-13T18:17:00+00:00,100145.7243
2025-11-13T18:18:00+00:00,100146.0239
2025-11-13T18:19:00+00:00,100146.1239
2025-11-13T18:20:00+00:00,100146.3289
2025-11-13T18:21:00+00:00,100146.3938
2025-11-13T18:22:00+00:00,100146.5039
2025-11-13T18:23:00+00:00,100146.4639
2025-11-13T18:24:00+00:00,100146.6089
2025-11-13T18:25:00+00:00,100146.4439
2025-11-13T18:26:00+00:00,100146.4839
2025-11-13T18:27:00+00:00,100146.5840
2025-11-13T18:28:00+00:00,100146.6840
2025-11-13T18:29:00+00:00,100146.7840
2025-11-13T18:30:00+00:00,100146.8840
2025-11-13T18:31:00+00:00,100146.9840
2025-11-13T18:32:00+00:00,100147.0940
2025-11-13T18:33:00+00:00,100147.1940
2025-11-13T18:34:00+00:00,100147.2940
2025-11-13T18:35:00+00:00,100147.4040
2025-11-13T18:36:00+00:00,100147.5140
2025-11-13T18:37:00+00:00,100147.6240
2025-11-13T18:38:00+00:00,100147.7240
2025-11-13T18:39:00+00:00,100147.8240
2025-11-13T18:40:00+00:00,100147.9240
2025-11-13T18:41:00+00:00,100148.0240
2025-11-13T18:42:00+00:00,100148.1240
2025-11-13T18:43:00+00:00,100148.2240
2025-11-13T18:44:00+00:00,100148.5590
2025-11-13T18:45:00+00:00,100148.8240
2025-11-13T18:46:00+00:00,100148.6840
2025-11-13T18:47:00+00:00,100149.0640
2025-11-13T18:48:00+00:00,100149.3390
2025-11-13T18:49:00+00:00,100149.5339
2025-11-13T18:50:00+00:00,100149.7140
2025-11-13T18:51:00+00:00,100149.7840
2025-11-13T18:52:00+00:00,100149.8440
2025-11-13T18:53:00+00:00,100150.0140
2025-11-13T18:54:00+00:00,100149.9490
2025-11-13T18:55:00+00:00,100149.9235
2025-11-13T18:56:00+00:00,100150.1340
2025-11-13T18:57:00+00:00,100150.1941
2025-11-13T18:58:00+00:00,100150.3390
2025-11-13T18:59:00+00:00,100150.3132
2025-11-13T19:00:00+00:00,100150.3140
2025-11-13T19:01:00+00:00,100150.2640
2025-11-13T19:02:00+00:00,100150.3440
2025-11-13T19:03:00+00:00,100150.2940
2025-11-13T19:04:00+00:00,100150.3940
2025-11-13T19:05:00+00:00,100150.4940
2025-11-13T19:06:00+00:00,100150.6040
2025-11-13T19:07:00+00:00,100150.7040
2025-11-13T19:08:00+00:00,100150.8040
2025-11-13T19:09:00+00:00,100150.9040
2025-11-13T19:10:00+00:00,100151.0040
2025-11-13T19:11:00+00:00,100151.1040
2025-11-13T19:12:00+00:00,100151.2040
2025-11-13T19:13:00+00:00,100151.3040
2025-11-13T19:14:00+00:00,100151.4040
2025-11-13T19:15:00+00:00,100151.5140
2025-11-13T19:16:00+00:00,100151.6240
2025-11-13T19:17:00+00:00,100151.7240
2025-11-13T19:18:00+00:00,100151.8340
2025-11-13T19:19:00+00:00,100151.9340
2025-11-13T19:20:00+00:00,100152.0340
2025-11-13T19:21:00+00:00,100152.1140
2025-11-13T19:22:00+00:00,100152.4690
2025-11-13T19:23:00+00:00,100152.4540
2025-11-13T19:24:00+00:00,100152.5340
2025-11-13T19:25:00+00:00,100152.7440
2025-11-13T19:26:00+00:00,100152.7290
2025-11-13T19:27:00+00:00,100152.7340
2025-11-13T19:28:00+00:00,100152.9090
2025-11-13T19:29:00+00:00,100153.0040
2025-11-13T19:30:00+00:00,100152.9740
2025-11-13T19:31:00+00:00,100153.1640
2025-11-13T19:32:00+00:00,100153.4040
2025-11-13T19:33:00+00:00,100153.4940
2025-11-13T19:34:00+00:00,100153.5640
2025-11-13T19:35:00+00:00,100153.6340
2025-11-13T19:36:00+00:00,100153.5990
2025-11-13T19:37:00+00:00,100153.7140
2025-11-13T19:38:00+00:00,100153.5890
2025-11-13T19:39:00+00:00,100153.7440
2025-11-13T19:40:00+00:00,100153.8540
2025-11-13T19:41:00+00:00,100153.9540
2025-11-13T19:42:00+00:00,100154.0540
2025-11-13T19:43:00+00:00,100154.1540
2025-11-13T19:44:00+00:00,100154.2540
2025-11-13T19:45:00+00:00,100154.3640
2025-11-13T19:46:00+00:00,100154.4640
2025-11-13T19:47:00+00:00,100154.5640
2025-11-13T19:48:00+00:00,100154.6640
2025-11-13T19:49:00+00:00,100154.7640
2025-11-13T19:50:00+00:00,100154.8640
2025-11-13T19:51:00+00:00,100154.9640
2025-11-13T19:52:00+00:00,100155.0640
2025-11-13T19:53:00+00:00,100155.1640
2025-11-13T19:54:00+00:00,100155.2640
2025-11-13T19:55:00+00:00,100155.3640
2025-11-13T19:56:00+00:00,100155.4640
2025-11-13T19:57:00+00:00,100155.5640
2025-11-13T19:58:00+00:00,100155.6640
2025-11-13T19:59:00+00:00,100155.7640
2025-11-13T20:00:00+00:00,100155.8640
2025-11-13T20:01:00+00:00,100155.9140
2025-11-13T20:02:00+00:00,100155.8840
2025-11-13T20:03:00+00:00,100155.9740
2025-11-13T20:04:00+00:00,100155.9808
2025-11-13T20:05:00+00:00,100156.0240
2025-11-13T20:06:00+00:00,100156.0440
2025-11-13T20:07:00+00:00,100156.1940
2025-11-13T20:08:00+00:00,100156.2940
2025-11-13T20:09:00+00:00,100156.4040
2025-11-13T20:10:00+00:00,100156.5040
2025-11-13T20:11:00+00:00,100156.6040
2025-11-13T20:12:00+00:00,100156.7140
2025-11-13T20:13:00+00:00,100156.8140
2025-11-13T20:14:00+00:00,100156.9140
2025-11-13T20:15:00+00:00,100157.0140
2025-11-13T20:16:00+00:00,100157.1140
2025-11-13T20:17:00+00:00,100157.2140
2025-11-13T20:18:00+00:00,100157.3240
2025-11-13T20:19:00+00:00,100157.4240
2025-11-13T20:20:00+00:00,100157.5340
2025-11-13T20:21:00+00:00,100157.6340
2025-11-13T20:22:00+00:00,100157.7340
2025-11-13T20:23:00+00:00,100157.8340
2025-11-13T20:24:00+00:00,100157.9340
2025-11-13T20:25:00+00:00,100158.0340
2025-11-13T20:26:00+00:00,100158.1340
2025-11-13T20:27:00+00:00,100158.2440
2025-11-13T20:28:00+00:00,100158.3440
2025-11-13T20:29:00+00:00,100158.4440
2025-11-13T20:30:00+00:00,100158.5440
2025-11-13T20:31:00+00:00,100158.6440
2025-11-13T20:32:00+00:00,100158.7440
2025-11-13T20:33:00+00:00,100158.8440
2025-11-13T20:34:00+00:00,100158.9440
2025-11-13T20:35:00+00:00,100159.0440
2025-11-13T20:36:00+00:00,100159.1440
2025-11-13T20:37:00+00:00,100159.2440
2025-11-13T20:38:00+00:00,100159.4040
2025-11-13T20:39:00+00:00,100159.4940
2025-11-13T20:40:00+00:00,100159.7340
2025-11-13T20:41:00+00:00,100159.7640
2025-11-13T20:42:00+00:00,100159.7080
2025-11-13T20:43:00+00:00,100159.6690
2025-11-13T20:44:00+00:00,100159.9490
2025-11-13T20:45:00+00:00,100160.2440
2025-11-13T20:46:00+00:00,100160.3140
2025-11-13T20:47:00+00:00,100160.4240
2025-11-13T20:48:00+00:00,100160.5290
2025-11-13T20:49:00+00:00,100160.5090
2025-11-13T20:50:00+00:00,100160.8240
2025-11-13T20:51:00+00:00,100160.8840
2025-11-13T20:52:00+00:00,100160.6440
2025-11-13T20:53:00+00:00,100160.5540
2025-11-13T20:54:00+00:00,100160.4540
2025-11-13T20:55:00+00:00,100160.9340
2025-11-13T20:56:00+00:00,100161.0340
2025-11-13T20:57:00+00:00,100161.1340
2025-11-13T20:58:00+00:00,100161.2340
2025-11-13T20:59:00+00:00,100161.3340
2025-11-14T14:30:00+00:00,100161.4340
2025-11-14T14:31:00+00:00,100161.5340
2025-11-14T14:32:00+00:00,100161.6340
2025-11-14T14:33:00+00:00,100161.7440
2025-11-14T14:34:00+00:00,100161.8540
2025-11-14T14:35:00+00:00,100161.9540
2025-11-14T14:36:00+00:00,100162.0540
2025-11-14T14:37:00+00:00,100162.1540
2025-11-14T14:38:00+00:00,100162.2540
2025-11-14T14:39:00+00:00,100162.3540
2025-11-14T14:40:00+00:00,100162.4540
2025-11-14T14:41:00+00:00,100162.5540
2025-11-14T14:42:00+00:00,100162.6540
2025-11-14T14:43:00+00:00,100162.7540
2025-11-14T14:44:00+00:00,100162.8540
2025-11-14T14:45:00+00:00,100162.9640
2025-11-14T14:46:00+00:00,100163.0640
2025-11-14T14:47:00+00:00,100163.1640
2025-11-14T14:48:00+00:00,100163.2640
2025-11-14T14:49:00+00:00,100163.3640
2025-11-14T14:50:00+00:00,100163.4740
2025-11-14T14:51:00+00:00,100163.7790
2025-11-14T14:52:00+00:00,100163.9490
2025-11-14T14:53:00+00:00,100164.6370
2025-11-14T14:54:00+00:00,100165.0591
2025-11-14T14:55:00+00:00,100165.2390
2025-11-14T14:56:00+00:00,100165.2790
2025-11-14T14:57:00+00:00,100165.1590
2025-11-14T14:58:00+00:00,100165.6740
2025-11-14T14:59:00+00:00,100165.9890
2025-11-14T15:00:00+00:00,100165.5740
2025-11-14T15:01:00+00:00,100165.5590
2025-11-14T15:02:00+00:00,100165.8890
2025-11-14T15:03:00+00:00,100165.9430
2025-11-14T15:04:00+00:00,100165.9140
2025-11-14T15:05:00+00:00,100166.0490
2025-11-14T15:06:00+00:00,100166.4340
2025-11-14T15:07:00+00:00,100166.7434
2025-11-14T15:08:00+00:00,100166.7542
2025-11-14T15:09:00+00:00,100167.0390
2025-11-14T15:10:00+00:00,100166.9092
2025-11-14T15:11:00+00:00,100167.1490
2025-11-14T15:12:00+00:00,100167.1465
2025-11-14T15:13:00+00:00,100167.0290
2025-11-14T15:14:00+00:00,100167.4903
2025-11-14T15:15:00+00:00,100167.6490
2025-11-14T15:16:00+00:00,100168.1790
2025-11-14T15:17:00+00:00,100168.1790
2025-11-14T15:18:00+00:00,100168.3080
2025-11-14T15:19:00+00:00,100168.4490
2025-11-14T15:20:00+00:00,100168.6990
2025-11-14T15:21:00+00:00,100168.9790
2025-11-14T15:22:00+00:00,100168.9090
2025-11-14T15:23:00+00:00,100168.5290
2025-11-14T15:24:00+00:00,100168.7390
2025-11-14T15:25:00+00:00,100168.5790
2025-11-14T15:26:00+00:00,100169.1291
2025-11-14T15:27:00+00:00,100169.6690
2025-11-14T15:28:00+00:00,100169.5390
2025-11-14T15:29:00+00:00,100169.7882
2025-11-14T15:30:00+00:00,100169.7224
2025-11-14T15:31:00+00:00,100169.7540
2025-11-14T15:32:00+00:00,100169.7990
2025-11-14T15:33:00+00:00,100169.7190
2025-11-14T15:34:00+00:00,100169.8990
2025-11-14T15:35:00+00:00,100170.1790
2025-11-14T15:36:00+00:00,100170.4290
2025-11-14T15:37:00+00:00,100170.7490
2025-11-14T15:38:00+00:00,100170.9090
2025-11-14T15:39:00+00:00,100170.8790
2025-11-14T15:40:00+00:00,100170.9980
2025-11-14T15:41:00+00:00,100171.2490
2025-11-14T15:42:00+00:00,100171.3790
2025-11-14T15:43:00+00:00,100171.4590
2025-11-14T15:44:00+00:00,100171.6490
2025-11-14T15:45:00+00:00,100171.9489
2025-11-14T15:46:00+00:00,100172.0234
2025-11-14T15:47:00+00:00,100172.1890
2025-11-14T15:48:00+00:00,100172.1600
2025-11-14T15:49:00+00:00,100172.3435
2025-11-14T15:50:00+00:00,100172.3647
2025-11-14T15:51:00+00:00,100172.6440
2025-11-14T15:52:00+00:00,100172.5340
2025-11-14T15:53:00+00:00,100172.7890
2025-11-14T15:54:00+00:00,100172.8690
2025-11-14T15:55:00+00:00,100172.8390
2025-11-14T15:56:00+00:00,100172.8681
2025-11-14T15:57:00+00:00,100173.0390
2025-11-14T15:58:00+00:00,100173.0190
2025-11-14T15:59:00+00:00,100173.3045
2025-11-14T16:00:00+00:00,100173.3887
2025-11-14T16:01:00+00:00,100173.5040
2025-11-14T16:02:00+00:00,100173.3891
2025-11-14T16:03:00+00:00,100173.5090
2025-11-14T16:04:00+00:00,100173.5440
2025-11-14T16:05:00+00:00,100173.5040
2025-11-14T16:06:00+00:00,100173.6040
2025-11-14T16:07:00+00:00,100173.7040
2025-11-14T16:08:00+00:00,100173.8040
2025-11-14T16:09:00+00:00,100173.9040
2025-11-14T16:10:00+00:00,100174.0040
2025-11-14T16:11:00+00:00,100174.1040
2025-11-14T16:12:00+00:00,100174.2040
2025-11-14T16:13:00+00:00,100174.3140
2025-11-14T16:14:00+00:00,100174.4140
2025-11-14T16:15:00+00:00,100174.5140
2025-11-14T16:16:00+00:00,100174.6140
2025-11-14T16:17:00+00:00,100174.7140
2025-11-14T16:18:00+00:00,100174.8140
2025-11-14T16:19:00+00:00,100174.9140
2025-11-14T16:20:00+00:00,100175.0140
2025-11-14T16:21:00+00:00,100175.1140
2025-11-14T16:22:00+00:00,100175.2140
2025-11-14T16:23:00+00:00,100175.6490
2025-11-14T16:24:00+00:00,100175.7340
2025-11-14T16:25:00+00:00,100175.6740
2025-11-14T16:26:00+00:00,100175.8155
2025-11-14T16:27:00+00:00,100176.1290
2025-11-14T16:28:00+00:00,100176.2245
2025-11-14T16:29:00+00:00,100176.4240
2025-11-14T16:30:00+00:00,100176.2940
2025-11-14T16:31:00+00:00,100176.3840
2025-11-14T16:32:00+00:00,100176.1690
2025-11-14T16:33:00+00:00,100175.9740
2025-11-14T16:34:00+00:00,100176.0440
2025-11-14T16:35:00+00:00,100176.0340
2025-11-14T16:36:00+00:00,100176.1440
2025-11-14T16:37:00+00:00,100176.2540
2025-11-14T16:38:00+00:00,100176.3540
2025-11-14T16:39:00+00:00,100176.4540
2025-11-14T16:40:00+00:00,100176.5540
2025-11-14T16:41:00+00:00,100176.6540
2025-11-14T16:42:00+00:00,100176.7540
2025-11-14T16:43:00+00:00,100176.8640
2025-11-14T16:44:00+00:00,100176.9640
2025-11-14T16:45:00+00:00,100177.0640
2025-11-14T16:46:00+00:00,100177.1640
2025-11-14T16:47:00+00:00,100177.2640
2025-11-14T16:48:00+00:00,100177.3640
2025-11-14T16:49:00+00:00,100177.4740
2025-11-14T16:50:00+00:00,100177.5740
2025-11-14T16:51:00+00:00,100177.6740
2025-11-14T16:52:00+00:00,100177.7237
2025-11-14T16:53:00+00:00,100177.8987
2025-11-14T16:54:00+00:00,100177.9937
2025-11-14T16:55:00+00:00,100178.1087
2025-11-14T16:56:00+00:00,100178.4260
2025-11-14T16:57:00+00:00,100178.4087
2025-11-14T16:58:00+00:00,100178.6087
2025-11-14T16:59:00+00:00,100178.8487
2025-11-14T17:00:00+00:00,100178.7687
2025-11-14T17:01:00+00:00,100178.9187
2025-11-14T17:02:00+00:00,100179.0261
2025-11-14T17:03:00+00:00,100179.2187
2025-11-14T17:04:00+00:00,100179.1762
2025-11-14T17:05:00+00:00,100179.4737
2025-11-14T17:06:00+00:00,100179.7287
2025-11-14T17:07:00+00:00,100179.5887
2025-11-14T17:08:00+00:00,100179.9563
2025-11-14T17:09:00+00:00,100180.0487
2025-11-14T17:10:00+00:00,100180.4537
2025-11-14T17:11:00+00:00,100180.7763
2025-11-14T17:12:00+00:00,100180.9587
2025-11-14T17:13:00+00:00,100181.0537
2025-11-14T17:14:00+00:00,100181.1986
2025-11-14T17:15:00+00:00,100181.2887
2025-11-14T17:16:00+00:00,100181.5287
2025-11-14T17:17:00+00:00,100181.6887
2025-11-14T17:18:00+00:00,100181.6637
2025-11-14T17:19:00+00:00,100181.8087
2025-11-14T17:20:00+00:00,100181.9387
2025-11-14T17:21:00+00:00,100181.8787
2025-11-14T17:22:00+00:00,100182.2087
2025-11-14T17:23:00+00:00,100182.0887
2025-11-14T17:24:00+00:00,100182.1387
2025-11-14T17:25:00+00:00,100182.2587
2025-11-14T17:26:00+00:00,100182.2387
2025-11-14T17:27:00+00:00,100182.4187
2025-11-14T17:28:00+00:00,100182.4787
2025-11-14T17:29:00+00:00,100182.7737
2025-11-14T17:30:00+00:00,100182.7587
2025-11-14T17:31:00+00:00,100182.7687
2025-11-14T17:32:00+00:00,100182.8288
2025-11-14T17:33:00+00:00,100183.1137
2025-11-14T17:34:00+00:00,100183.1837
2025-11-14T17:35:00+00:00,100183.3737
2025-11-14T17:36:00+00:00,100183.4187
2025-11-14T17:37:00+00:00,100183.6787
2025-11-14T17:38:00+00:00,100183.8839
2025-11-14T17:39:00+00:00,100183.9387
2025-11-14T17:40:00+00:00,100183.8787
2025-11-14T17:41:00+00:00,100183.9021
2025-11-14T17:42:00+00:00,100183.8887
2025-11-14T17:43:00+00:00,100184.0787
2025-11-14T17:44:00+00:00,100184.1487
2025-11-14T17:45:00+00:00,100184.3387
2025-11-14T17:46:00+00:00,100184.3437
2025-11-14T17:47:00+00:00,100184.3937
2025-11-14T17:48:00+00:00,100184.3237
2025-11-14T17:49:00+00:00,100184.3387
2025-11-14T17:50:00+00:00,100184.4387
2025-11-14T17:51:00+00:00,100184.5387
2025-11-14T17:52:00+00:00,100184.6387
2025-11-14T17:53:00+00:00,100184.7387
2025-11-14T17:54:00+00:00,100184.8487
2025-11-14T17:55:00+00:00,100184.9487
2025-11-14T17:56:00+00:00,100185.0487
2025-11-14T17:57:00+00:00,100185.1487
2025-11-14T17:58:00+00:00,100185.2487
2025-11-14T17:59:00+00:00,100185.3487
2025-11-14T18:00:00+00:00,100185.4487
2025-11-14T18:01:00+00:00,100185.5487
2025-11-14T18:02:00+00:00,100185.6487
2025-11-14T18:03:00+00:00,100185.7487
2025-11-14T18:04:00+00:00,100185.8487
2025-11-14T18:05:00+00:00,100185.9487
2025-11-14T18:06:00+00:00,100186.0487
2025-11-14T18:07:00+00:00,100186.1487
2025-11-14T18:08:00+00:00,100186.2487
2025-11-14T18:09:00+00:00,100186.3487
2025-11-14T18:10:00+00:00,100186.4487
2025-11-14T18:11:00+00:00,100186.5487
2025-11-14T18:12:00+00:00,100186.6487
2025-11-14T18:13:00+00:00,100186.7487
2025-11-14T18:14:00+00:00,100186.8487
2025-11-14T18:15:00+00:00,100186.9487
2025-11-14T18:16:00+00:00,100187.0487
2025-11-14T18:17:00+00:00,100187.1487
2025-11-14T18:18:00+00:00,100187.2487
2025-11-14T18:19:00+00:00,100187.3587
2025-11-14T18:20:00+00:00,100187.4587
2025-11-14T18:21:00+00:00,100187.5587
2025-11-14T18:22:00+00:00,100187.6587
2025-11-14T18:23:00+00:00,100187.7587
2025-11-14T18:24:00+00:00,100187.8687
2025-11-14T18:25:00+00:00,100187.9687
2025-11-14T18:26:00+00:00,100188.0787
2025-11-14T18:27:00+00:00,100188.1787
2025-11-14T18:28:00+00:00,100188.2787
2025-11-14T18:29:00+00:00,100188.3887
2025-11-14T18:30:00+00:00,100188.4887
2025-11-14T18:31:00+00:00,100188.5887
2025-11-14T18:32:00+00:00,100188.6987
2025-11-14T18:33:00+00:00,100188.7987
2025-11-14T18:34:00+00:00,100188.8987
2025-11-14T18:35:00+00:00,100188.9987
2025-11-14T18:36:00+00:00,100189.1087
2025-11-14T18:37:00+00:00,100189.2187
2025-11-14T18:38:00+00:00,100189.3187
2025-11-14T18:39:00+00:00,100189.4287
2025-11-14T18:40:00+00:00,100189.5287
2025-11-14T18:41:00+00:00,100189.6287
2025-11-14T18:42:00+00:00,100189.7287
2025-11-14T18:43:00+00:00,100189.8287
2025-11-14T18:44:00+00:00,100189.9287
2025-11-14T18:45:00+00:00,100190.0287
2025-11-14T18:46:00+00:00,100190.1287
2025-11-14T18:47:00+00:00,100190.2287
2025-11-14T18:48:00+00:00,100190.3287
2025-11-14T18:49:00+00:00,100190.4287
2025-11-14T18:50:00+00:00,100190.5287
2025-11-14T18:51:00+00:00,100190.6287
2025-11-14T18:52:00+00:00,100190.7287
2025-11-14T18:53:00+00:00,100190.8287
2025-11-14T18:54:00+00:00,100190.9287
2025-11-14T18:55:00+00:00,100191.0287
2025-11-14T18:56:00+00:00,100190.9120
2025-11-14T18:57:00+00:00,100190.7720
2025-11-14T18:58:00+00:00,100191.0020
2025-11-14T18:59:00+00:00,100191.0220
2025-11-14T19:00:00+00:00,100191.1920
2025-11-14T19:01:00+00:00,100191.2520
2025-11-14T19:02:00+00:00,100191.5019
2025-11-14T19:03:00+00:00,100191.6520
2025-11-14T19:04:00+00:00,100191.5630
2025-11-14T19:05:00+00:00,100191.5252
2025-11-14T19:06:00+00:00,100191.7570
2025-11-14T19:07:00+00:00,100191.6120
2025-11-14T19:08:00+00:00,100191.7020
2025-11-14T19:09:00+00:00,100191.8020
2025-11-14T19:10:00+00:00,100191.9020
2025-11-14T19:11:00+00:00,100192.0020
2025-11-14T19:12:00+00:00,100192.1020
2025-11-14T19:13:00+00:00,100192.2020
2025-11-14T19:14:00+00:00,100192.3020
2025-11-14T19:15:00+00:00,100192.4020
2025-11-14T19:16:00+00:00,100192.5020
2025-11-14T19:17:00+00:00,100192.6020
2025-11-14T19:18:00+00:00,100192.7020
2025-11-14T19:19:00+00:00,100192.8020
2025-11-14T19:20:00+00:00,100192.9020
2025-11-14T19:21:00+00:00,100193.0020
2025-11-14T19:22:00+00:00,100193.1020
2025-11-14T19:23:00+00:00,100193.2020
2025-11-14T19:24:00+00:00,100193.3120
2025-11-14T19:25:00+00:00,100193.4120
2025-11-14T19:26:00+00:00,100193.5120
2025-11-14T19:27:00+00:00,100193.6120
2025-11-14T19:28:00+00:00,100193.7120
2025-11-14T19:29:00+00:00,100193.8120
2025-11-14T19:30:00+00:00,100193.9120
2025-11-14T19:31:00+00:00,100194.0220
2025-11-14T19:32:00+00:00,100194.1220
2025-11-14T19:33:00+00:00,100194.2220
2025-11-14T19:34:00+00:00,100194.3220
2025-11-14T19:35:00+00:00,100194.4220
2025-11-14T19:36:00+00:00,100194.5320
2025-11-14T19:37:00+00:00,100194.6320
2025-11-14T19:38:00+00:00,100194.7320
2025-11-14T19:39:00+00:00,100194.8320
2025-11-14T19:40:00+00:00,100194.9320
2025-11-14T19:41:00+00:00,100195.0320
2025-11-14T19:42:00+00:00,100195.1320
2025-11-14T19:43:00+00:00,100195.2320
2025-11-14T19:44:00+00:00,100195.3320
2025-11-14T19:45:00+00:00,100195.4320
2025-11-14T19:46:00+00:00,100195.5420
2025-11-14T19:47:00+00:00,100195.6420
2025-11-14T19:48:00+00:00,100195.7520
2025-11-14T19:49:00+00:00,100195.8520
2025-11-14T19:50:00+00:00,100195.9520
2025-11-14T19:51:00+00:00,100196.0520
2025-11-14T19:52:00+00:00,100196.1520
2025-11-14T19:53:00+00:00,100196.2520
2025-11-14T19:54:00+00:00,100196.3620
2025-11-14T19:55:00+00:00,100196.4620
2025-11-14T19:56:00+00:00,100196.5620
2025-11-14T19:57:00+00:00,100196.6620
2025-11-14T19:58:00+00:00,100196.7620
2025-11-14T19:59:00+00:00,100196.8620
2025-11-14T20:00:00+00:00,100196.9620
2025-11-14T20:01:00+00:00,100197.0620
2025-11-14T20:02:00+00:00,100197.1620
2025-11-14T20:03:00+00:00,100197.2620
2025-11-14T20:04:00+00:00,100197.3620
2025-11-14T20:05:00+00:00,100197.4620
2025-11-14T20:06:00+00:00,100197.5620
2025-11-14T20:07:00+00:00,100197.6620
2025-11-14T20:08:00+00:00,100197.7720
2025-11-14T20:09:00+00:00,100197.8720
2025-11-14T20:10:00+00:00,100197.9720
2025-11-14T20:11:00+00:00,100198.0720
2025-11-14T20:12:00+00:00,100198.1720
2025-11-14T20:13:00+00:00,100198.2720
2025-11-14T20:14:00+00:00,100198.3720
2025-11-14T20:15:00+00:00,100198.4720
2025-11-14T20:16:00+00:00,100198.5720
2025-11-14T20:17:00+00:00,100198.6720
2025-11-14T20:18:00+00:00,100198.7820
2025-11-14T20:19:00+00:00,100198.8820
2025-11-14T20:20:00+00:00,100198.9820
2025-11-14T20:21:00+00:00,100199.0820
2025-11-14T20:22:00+00:00,100199.1820
2025-11-14T20:23:00+00:00,100199.2820
2025-11-14T20:24:00+00:00,100199.3820
2025-11-14T20:25:00+00:00,100199.4820
2025-11-14T20:26:00+00:00,100199.5820
2025-11-14T20:27:00+00:00,100199.6820
2025-11-14T20:28:00+00:00,100199.7920
2025-11-14T20:29:00+00:00,100199.8920
2025-11-14T20:30:00+00:00,100199.9920
2025-11-14T20:31:00+00:00,100200.0920
2025-11-14T20:32:00+00:00,100200.1920
2025-11-14T20:33:00+00:00,100200.2920
2025-11-14T20:34:00+00:00,100200.3920
2025-11-14T20:35:00+00:00,100200.4920
2025-11-14T20:36:00+00:00,100200.5920
2025-11-14T20:37:00+00:00,100200.6920
2025-11-14T20:38:00+00:00,100200.7920
2025-11-14T20:39:00+00:00,100200.8920
2025-11-14T20:40:00+00:00,100200.9920
2025-11-14T20:41:00+00:00,100201.0920
2025-11-14T20:42:00+00:00,100201.1920
2025-11-14T20:43:00+00:00,100201.3020
2025-11-14T20:44:00+00:00,100201.4120
2025-11-14T20:45:00+00:00,100201.5120
2025-11-14T20:46:00+00:00,100201.6120
2025-11-14T20:47:00+00:00,100201.7120
2025-11-14T20:48:00+00:00,100201.8120
2025-11-14T20:49:00+00:00,100201.9220
2025-11-14T20:50:00+00:00,100202.0220
2025-11-14T20:51:00+00:00,100202.1220
2025-11-14T20:52:00+00:00,100202.2320
2025-11-14T20:53:00+00:00,100202.3320
2025-11-14T20:54:00+00:00,100202.4320
2025-11-14T20:55:00+00:00,100202.5320
2025-11-14T20:56:00+00:00,100202.6320
2025-11-14T20:57:00+00:00,100202.7420
2025-11-14T20:58:00+00:00,100202.8420
2025-11-14T20:59:00+00:00,100202.9420
