timestamp,bid,ask,last
2025-11-10T14:30:00+00:00,,,270.1250
2025-11-10T14:31:00+00:00,,,270.4600
2025-11-10T14:32:00+00:00,,,271.0650
2025-11-10T14:33:00+00:00,,,271.5350
2025-11-10T14:34:00+00:00,,,271.5495
2025-11-10T14:35:00+00:00,,,272.1100
2025-11-10T14:36:00+00:00,,,272.0399
2025-11-10T14:37:00+00:00,,,271.7570
2025-11-10T14:38:00+00:00,,,271.4600
2025-11-10T14:39:00+00:00,,,271.7600
2025-11-10T14:40:00+00:00,,,271.4250
2025-11-10T14:41:00+00:00,,,271.4800
2025-11-10T14:42:00+00:00,,,271.3400
2025-11-10T14:43:00+00:00,,,271.7900
2025-11-10T14:44:00+00:00,,,272.1900
2025-11-10T14:45:00+00:00,,,272.6100
2025-11-10T14:46:00+00:00,,,272.6700
2025-11-10T14:47:00+00:00,,,272.7300
2025-11-10T14:48:00+00:00,,,272.5599
2025-11-10T14:49:00+00:00,,,272.8000
2025-11-10T14:50:00+00:00,,,272.9250
2025-11-10T14:51:00+00:00,,,273.3675
2025-11-10T14:52:00+00:00,,,273.5200
2025-11-10T14:53:00+00:00,,,273.5301
2025-11-10T14:54:00+00:00,,,273.5900
2025-11-10T14:55:00+00:00,,,273.0600
2025-11-10T14:56:00+00:00,,,272.9000
2025-11-10T14:57:00+00:00,,,272.9100
2025-11-10T14:58:00+00:00,,,273.0850
2025-11-10T14:59:00+00:00,,,273.2750
2025-11-10T15:00:00+00:00,,,272.8801
2025-11-10T15:01:00+00:00,,,273.0000
2025-11-10T15:02:00+00:00,,,272.9650
2025-11-10T15:03:00+00:00,,,272.5151
2025-11-10T15:04:00+00:00,,,272.4706
2025-11-10T15:05:00+00:00,,,272.4400
2025-11-10T15:06:00+00:00,,,272.5600
2025-11-10T15:07:00+00:00,,,272.7000
2025-11-10T15:08:00+00:00,,,272.6900
2025-11-10T15:09:00+00:00,,,272.6500
2025-11-10T15:10:00+00:00,,,272.8300
2025-11-10T15:11:00+00:00,,,272.5600
2025-11-10T15:12:00+00:00,,,272.7701
2025-11-10T15:13:00+00:00,,,272.7601
2025-11-10T15:14:00+00:00,,,272.5900
2025-11-10T15:15:00+00:00,,,272.3600
2025-11-10T15:16:00+00:00,,,272.5600
2025-11-10T15:17:00+00:00,,,272.6400
2025-11-10T15:18:00+00:00,,,272.4201
2025-11-10T15:19:00+00:00,,,272.2300
2025-11-10T15:20:00+00:00,,,272.1400
2025-11-10T15:21:00+00:00,,,272.0300
2025-11-10T15:22:00+00:00,,,272.1912
2025-11-10T15:23:00+00:00,,,272.1000
2025-11-10T15:24:00+00:00,,,272.1150
2025-11-10T15:25:00+00:00,,,272.0600
2025-11-10T15:26:00+00:00,,,271.8800
2025-11-10T15:27:00+00:00,,,271.7600
2025-11-10T15:28:00+00:00,,,271.7950
2025-11-10T15:29:00+00:00,,,271.8570
2025-11-10T15:30:00+00:00,,,271.8000
2025-11-10T15:31:00+00:00,,,271.8400
2025-11-10T15:32:00+00:00,,,271.9200
2025-11-10T15:33:00+00:00,,,271.8000
2025-11-10T15:34:00+00:00,,,271.7400
2025-11-10T15:35:00+00:00,,,271.7900
2025-11-10T15:36:00+00:00,,,271.6900
2025-11-10T15:37:00+00:00,,,271.6900
2025-11-10T15:38:00+00:00,,,271.3700
2025-11-10T15:39:00+00:00,,,271.2600
2025-11-10T15:40:00+00:00,,,271.3400
2025-11-10T15:41:00+00:00,,,271.3200
2025-11-10T15:42:00+00:00,,,271.1850
2025-11-10T15:43:00+00:00,,,271.3400
2025-11-10T15:44:00+00:00,,,271.2400
2025-11-10T15:45:00+00:00,,,271.5400
2025-11-10T15:46:00+00:00,,,271.7350
2025-11-10T15:47:00+00:00,,,271.5600
2025-11-10T15:48:00+00:00,,,271.6596
2025-11-10T15:49:00+00:00,,,271.5802
2025-11-10T15:50:00+00:00,,,271.1664
2025-11-10T15:51:00+00:00,,,271.0400
2025-11-10T15:52:00+00:00,,,270.9500
2025-11-10T15:53:00+00:00,,,270.9150
2025-11-10T15:54:00+00:00,,,270.9300
2025-11-10T15:55:00+00:00,,,270.7600
2025-11-10T15:56:00+00:00,,,270.8700
2025-11-10T15:57:00+00:00,,,270.6000
2025-11-10T15:58:00+00:00,,,270.7250
2025-11-10T15:59:00+00:00,,,270.7599
2025-11-10T16:00:00+00:00,,,270.6501
2025-11-10T16:01:00+00:00,,,270.4300
2025-11-10T16:02:00+00:00,,,270.4200
2025-11-10T16:03:00+00:00,,,270.3700
2025-11-10T16:04:00+00:00,,,270.1399
2025-11-10T16:05:00+00:00,,,269.8500
2025-11-10T16:06:00+00:00,,,269.7660
2025-11-10T16:07:00+00:00,,,269.8100
2025-11-10T16:08:00+00:00,,,269.6199
2025-11-10T16:09:00+00:00,,,269.6000
2025-11-10T16:10:00+00:00,,,269.5700
2025-11-10T16:11:00+00:00,,,269.6450
2025-11-10T16:12:00+00:00,,,269.7600
2025-11-10T16:13:00+00:00,,,269.8700
2025-11-10T16:14:00+00:00,,,270.0700
2025-11-10T16:15:00+00:00,,,269.8550
2025-11-10T16:16:00+00:00,,,269.8400
2025-11-10T16:17:00+00:00,,,269.6800
2025-11-10T16:18:00+00:00,,,269.6250
2025-11-10T16:19:00+00:00,,,269.6900
2025-11-10T16:20:00+00:00,,,269.4066
2025-11-10T16:21:00+00:00,,,269.4250
2025-11-10T16:22:00+00:00,,,269.2100
2025-11-10T16:23:00+00:00,,,269.5200
2025-11-10T16:24:00+00:00,,,269.4800
2025-11-10T16:25:00+00:00,,,269.3850
2025-11-10T16:26:00+00:00,,,269.3750
2025-11-10T16:27:00+00:00,,,269.4200
2025-11-10T16:28:00+00:00,,,269.2700
2025-11-10T16:29:00+00:00,,,269.0664
2025-11-10T16:30:00+00:00,,,269.1718
2025-11-10T16:31:00+00:00,,,269.1600
2025-11-10T16:32:00+00:00,,,269.1399
2025-11-10T16:33:00+00:00,,,269.1050
2025-11-10T16:34:00+00:00,,,269.0900
2025-11-10T16:35:00+00:00,,,268.8600
2025-11-10T16:36:00+00:00,,,268.8728
2025-11-10T16:37:00+00:00,,,268.8700
2025-11-10T16:38:00+00:00,,,268.8400
2025-11-10T16:39:00+00:00,,,268.8050
2025-11-10T16:40:00+00:00,,,268.6950
2025-11-10T16:41:00+00:00,,,268.6470
2025-11-10T16:42:00+00:00,,,268.5800
2025-11-10T16:43:00+00:00,,,268.6001
2025-11-10T16:44:00+00:00,,,268.7000
2025-11-10T16:45:00+00:00,,,268.5400
2025-11-10T16:46:00+00:00,,,268.6800
2025-11-10T16:47:00+00:00,,,268.8299
2025-11-10T16:48:00+00:00,,,269.0500
2025-11-10T16:49:00+00:00,,,269.0300
2025-11-10T16:50:00+00:00,,,269.0500
2025-11-10T16:51:00+00:00,,,269.0100
2025-11-10T16:52:00+00:00,,,268.8700
2025-11-10T16:53:00+00:00,,,268.9656
2025-11-10T16:54:00+00:00,,,268.8538
2025-11-10T16:55:00+00:00,,,268.9950
2025-11-10T16:56:00+00:00,,,269.1700
2025-11-10T16:57:00+00:00,,,269.1500
2025-11-10T16:58:00+00:00,,,269.2000
2025-11-10T16:59:00+00:00,,,269.3100
2025-11-10T17:00:00+00:00,,,269.3802
2025-11-10T17:01:00+00:00,,,269.2122
2025-11-10T17:02:00+00:00,,,269.2900
2025-11-10T17:03:00+00:00,,,269.3807
2025-11-10T17:04:00+00:00,,,269.4000
2025-11-10T17:05:00+00:00,,,269.4400
2025-11-10T17:06:00+00:00,,,269.6500
2025-11-10T17:07:00+00:00,,,269.6000
2025-11-10T17:08:00+00:00,,,269.5300
2025-11-10T17:09:00+00:00,,,269.5500
2025-11-10T17:10:00+00:00,,,269.5003
2025-11-10T17:11:00+00:00,,,269.2700
2025-11-10T17:12:00+00:00,,,269.3400
2025-11-10T17:13:00+00:00,,,269.4196
2025-11-10T17:14:00+00:00,,,269.2500
2025-11-10T17:15:00+00:00,,,269.2750
2025-11-10T17:16:00+00:00,,,269.2900
2025-11-10T17:17:00+00:00,,,269.3300
2025-11-10T17:18:00+00:00,,,269.3600
2025-11-10T17:19:00+00:00,,,269.2500
2025-11-10T17:20:00+00:00,,,269.3200
2025-11-10T17:21:00+00:00,,,269.2379
2025-11-10T17:22:00+00:00,,,269.2000
2025-11-10T17:23:00+00:00,,,269.1900
2025-11-10T17:24:00+00:00,,,269.1200
2025-11-10T17:25:00+00:00,,,269.0800
2025-11-10T17:26:00+00:00,,,269.1250
2025-11-10T17:27:00+00:00,,,269.2900
2025-11-10T17:28:00+00:00,,,269.2300
2025-11-10T17:29:00+00:00,,,269.0800
2025-11-10T17:30:00+00:00,,,269.2300
2025-11-10T17:31:00+00:00,,,269.3000
2025-11-10T17:32:00+00:00,,,269.1000
2025-11-10T17:33:00+00:00,,,269.1400
2025-11-10T17:34:00+00:00,,,269.1250
2025-11-10T17:35:00+00:00,,,269.0499
2025-11-10T17:36:00+00:00,,,269.1750
2025-11-10T17:37:00+00:00,,,269.2100
2025-11-10T17:38:00+00:00,,,269.2000
2025-11-10T17:39:00+00:00,,,269.2300
2025-11-10T17:40:00+00:00,,,269.2100
2025-11-10T17:41:00+00:00,,,269.3801
2025-11-10T17:42:00+00:00,,,269.3200
2025-11-10T17:43:00+00:00,,,269.1500
2025-11-10T17:44:00+00:00,,,269.1750
2025-11-10T17:45:00+00:00,,,269.3383
2025-11-10T17:46:00+00:00,,,269.4984
2025-11-10T17:47:00+00:00,,,269.5650
2025-11-10T17:48:00+00:00,,,269.5491
2025-11-10T17:49:00+00:00,,,269.5200
2025-11-10T17:50:00+00:00,,,269.5200
2025-11-10T17:51:00+00:00,,,269.5800
2025-11-10T17:52:00+00:00,,,269.7000
2025-11-10T17:53:00+00:00,,,269.6900
2025-11-10T17:54:00+00:00,,,269.6700
2025-11-10T17:55:00+00:00,,,269.6588
2025-11-10T17:56:00+00:00,,,269.6999
2025-11-10T17:57:00+00:00,,,269.5500
2025-11-10T17:58:00+00:00,,,269.6250
2025-11-10T17:59:00+00:00,,,269.5500
2025-11-10T18:00:00+00:00,,,269.6069
2025-11-10T18:01:00+00:00,,,269.6500
2025-11-10T18:02:00+00:00,,,269.7650
2025-11-10T18:03:00+00:00,,,269.7979
2025-11-10T18:04:00+00:00,,,269.6800
2025-11-10T18:05:00+00:00,,,269.6550
2025-11-10T18:06:00+00:00,,,269.7609
2025-11-10T18:07:00+00:00,,,269.7300
2025-11-10T18:08:00+00:00,,,269.8500
2025-11-10T18:09:00+00:00,,,269.7750
2025-11-10T18:10:00+00:00,,,269.8100
2025-11-10T18:11:00+00:00,,,269.8250
2025-11-10T18:12:00+00:00,,,269.9500
2025-11-10T18:13:00+00:00,,,270.1301
2025-11-10T18:14:00+00:00,,,270.1260
2025-11-10T18:15:00+00:00,,,270.1400
2025-11-10T18:16:00+00:00,,,270.1500
2025-11-10T18:17:00+00:00,,,270.1400
2025-11-10T18:18:00+00:00,,,270.1400
2025-11-10T18:19:00+00:00,,,270.1100
2025-11-10T18:20:00+00:00,,,269.9600
2025-11-10T18:21:00+00:00,,,269.8401
2025-11-10T18:22:00+00:00,,,269.9735
2025-11-10T18:23:00+00:00,,,269.9700
2025-11-10T18:24:00+00:00,,,269.9700
2025-11-10T18:25:00+00:00,,,269.8400
2025-11-10T18:26:00+00:00,,,269.7900
2025-11-10T18:27:00+00:00,,,269.7500
2025-11-10T18:28:00+00:00,,,269.8800
2025-11-10T18:29:00+00:00,,,269.7300
2025-11-10T18:30:00+00:00,,,269.7450
2025-11-10T18:31:00+00:00,,,269.8900
2025-11-10T18:32:00+00:00,,,269.8685
2025-11-10T18:33:00+00:00,,,269.9195
2025-11-10T18:34:00+00:00,,,269.7701
2025-11-10T18:35:00+00:00,,,269.8200
2025-11-10T18:36:00+00:00,,,269.7700
2025-11-10T18:37:00+00:00,,,269.7500
2025-11-10T18:38:00+00:00,,,269.6600
2025-11-10T18:39:00+00:00,,,269.6400
2025-11-10T18:40:00+00:00,,,269.7100
2025-11-10T18:41:00+00:00,,,269.8100
2025-11-10T18:42:00+00:00,,,269.7701
2025-11-10T18:43:00+00:00,,,269.8500
2025-11-10T18:44:00+00:00,,,269.8600
2025-11-10T18:45:00+00:00,,,269.8900
2025-11-10T18:46:00+00:00,,,269.8400
2025-11-10T18:47:00+00:00,,,269.8200
2025-11-10T18:48:00+00:00,,,269.9700
2025-11-10T18:49:00+00:00,,,270.0799
2025-11-10T18:50:00+00:00,,,270.0200
2025-11-10T18:51:00+00:00,,,270.0400
2025-11-10T18:52:00+00:00,,,270.0200
2025-11-10T18:53:00+00:00,,,270.1050
2025-11-10T18:54:00+00:00,,,270.1000
2025-11-10T18:55:00+00:00,,,269.9120
2025-11-10T18:56:00+00:00,,,270.0110
2025-11-10T18:57:00+00:00,,,270.0100
2025-11-10T18:58:00+00:00,,,269.9900
2025-11-10T18:59:00+00:00,,,269.9900
2025-11-10T19:00:00+00:00,,,270.1900
2025-11-10T19:01:00+00:00,,,270.2400
2025-11-10T19:02:00+00:00,,,270.2500
2025-11-10T19:03:00+00:00,,,270.1900
2025-11-10T19:04:00+00:00,,,270.2000
2025-11-10T19:05:00+00:00,,,270.0050
2025-11-10T19:06:00+00:00,,,270.2300
2025-11-10T19:07:00+00:00,,,270.1100
2025-11-10T19:08:00+00:00,,,270.0500
2025-11-10T19:09:00+00:00,,,270.0200
2025-11-10T19:10:00+00:00,,,269.5885
2025-11-10T19:11:00+00:00,,,269.6000
2025-11-10T19:12:00+00:00,,,269.2999
2025-11-10T19:13:00+00:00,,,269.0050
2025-11-10T19:14:00+00:00,,,269.1884
2025-11-10T19:15:00+00:00,,,269.2000
2025-11-10T19:16:00+00:00,,,269.3700
2025-11-10T19:17:00+00:00,,,269.3300
2025-11-10T19:18:00+00:00,,,269.3700
2025-11-10T19:19:00+00:00,,,269.2501
2025-11-10T19:20:00+00:00,,,269.4600
2025-11-10T19:21:00+00:00,,,269.4300
2025-11-10T19:22:00+00:00,,,269.5350
2025-11-10T19:23:00+00:00,,,269.7100
2025-11-10T19:24:00+00:00,,,269.6499
2025-11-10T19:25:00+00:00,,,269.5401
2025-11-10T19:26:00+00:00,,,269.6100
2025-11-10T19:27:00+00:00,,,269.6200
2025-11-10T19:28:00+00:00,,,269.7600
2025-11-10T19:29:00+00:00,,,269.6600
2025-11-10T19:30:00+00:00,,,269.6500
2025-11-10T19:31:00+00:00,,,269.6700
2025-11-10T19:32:00+00:00,,,269.7100
2025-11-10T19:33:00+00:00,,,269.7500
2025-11-10T19:34:00+00:00,,,269.7600
2025-11-10T19:35:00+00:00,,,269.6550
2025-11-10T19:36:00+00:00,,,269.6700
2025-11-10T19:37:00+00:00,,,269.6900
2025-11-10T19:38:00+00:00,,,269.6700
2025-11-10T19:39:00+00:00,,,269.6850
2025-11-10T19:40:00+00:00,,,269.6400
2025-11-10T19:41:00+00:00,,,269.5800
2025-11-10T19:42:00+00:00,,,269.5200
2025-11-10T19:43:00+00:00,,,269.4950
2025-11-10T19:44:00+00:00,,,269.6100
2025-11-10T19:45:00+00:00,,,269.4900
2025-11-10T19:46:00+00:00,,,269.4400
2025-11-10T19:47:00+00:00,,,269.4993
2025-11-10T19:48:00+00:00,,,269.4600
2025-11-10T19:49:00+00:00,,,269.4650
2025-11-10T19:50:00+00:00,,,269.4800
2025-11-10T19:51:00+00:00,,,269.5800
2025-11-10T19:52:00+00:00,,,269.5900
2025-11-10T19:53:00+00:00,,,269.6600
2025-11-10T19:54:00+00:00,,,269.6200
2025-11-10T19:55:00+00:00,,,269.6500
2025-11-10T19:56:00+00:00,,,269.7200
2025-11-10T19:57:00+00:00,,,269.6500
2025-11-10T19:58:00+00:00,,,269.5200
2025-11-10T19:59:00+00:00,,,269.5200
2025-11-10T20:00:00+00:00,,,269.5850
2025-11-10T20:01:00+00:00,,,269.5300
2025-11-10T20:02:00+00:00,,,269.3500
2025-11-10T20:03:00+00:00,,,269.3500
2025-11-10T20:04:00+00:00,,,269.4200
2025-11-10T20:05:00+00:00,,,269.3700
2025-11-10T20:06:00+00:00,,,269.3000
2025-11-10T20:07:00+00:00,,,269.3400
2025-11-10T20:08:00+00:00,,,269.3000
2025-11-10T20:09:00+00:00,,,269.2450
2025-11-10T20:10:00+00:00,,,269.3350
2025-11-10T20:11:00+00:00,,,269.4000
2025-11-10T20:12:00+00:00,,,269.3100
2025-11-10T20:13:00+00:00,,,269.3350
2025-11-10T20:14:00+00:00,,,269.3400
2025-11-10T20:15:00+00:00,,,269.2000
2025-11-10T20:16:00+00:00,,,269.3100
2025-11-10T20:17:00+00:00,,,269.2901
2025-11-10T20:18:00+00:00,,,269.3318
2025-11-10T20:19:00+00:00,,,269.3300
2025-11-10T20:20:00+00:00,,,269.3200
2025-11-10T20:21:00+00:00,,,269.2100
2025-11-10T20:22:00+00:00,,,269.2801
2025-11-10T20:23:00+00:00,,,269.2600
2025-11-10T20:24:00+00:00,,,269.3200
2025-11-10T20:25:00+00:00,,,269.2500
2025-11-10T20:26:00+00:00,,,269.2940
2025-11-10T20:27:00+00:00,,,269.1200
2025-11-10T20:28:00+00:00,,,269.1000
2025-11-10T20:29:00+00:00,,,269.1186
2025-11-10T20:30:00+00:00,,,269.0699
2025-11-10T20:31:00+00:00,,,269.1815
2025-11-10T20:32:00+00:00,,,269.1550
2025-11-10T20:33:00+00:00,,,269.1100
2025-11-10T20:34:00+00:00,,,269.0250
2025-11-10T20:35:00+00:00,,,268.9800
2025-11-10T20:36:00+00:00,,,269.1500
2025-11-10T20:37:00+00:00,,,269.2000
2025-11-10T20:38:00+00:00,,,269.1800
2025-11-10T20:39:00+00:00,,,269.1900
2025-11-10T20:40:00+00:00,,,269.0800
2025-11-10T20:41:00+00:00,,,268.8300
2025-11-10T20:42:00+00:00,,,269.0200
2025-11-10T20:43:00+00:00,,,268.8900
2025-11-10T20:44:00+00:00,,,269.0050
2025-11-10T20:45:00+00:00,,,268.8200
2025-11-10T20:46:00+00:00,,,268.9900
2025-11-10T20:47:00+00:00,,,269.0400
2025-11-10T20:48:00+00:00,,,269.1089
2025-11-10T20:49:00+00:00,,,269.3001
2025-11-10T20:50:00+00:00,,,268.9550
2025-11-10T20:51:00+00:00,,,269.0600
2025-11-10T20:52:00+00:00,,,269.0700
2025-11-10T20:53:00+00:00,,,269.2700
2025-11-10T20:54:00+00:00,,,269.5200
2025-11-10T20:55:00+00:00,,,269.0494
2025-11-10T20:56:00+00:00,,,269.0150
2025-11-10T20:57:00+00:00,,,269.2900
2025-11-10T20:58:00+00:00,,,269.3600
2025-11-10T20:59:00+00:00,,,269.3600
2025-11-11T14:30:00+00:00,,,270.4000
2025-11-11T14:31:00+00:00,,,270.7000
2025-11-11T14:32:00+00:00,,,271.2900
2025-11-11T14:33:00+00:00,,,271.1573
2025-11-11T14:34:00+00:00,,,270.7400
2025-11-11T14:35:00+00:00,,,270.6200
2025-11-11T14:36:00+00:00,,,270.9137
2025-11-11T14:37:00+00:00,,,270.7310
2025-11-11T14:38:00+00:00,,,270.9400
2025-11-11T14:39:00+00:00,,,271.2201
2025-11-11T14:40:00+00:00,,,271.5250
2025-11-11T14:41:00+00:00,,,271.7700
2025-11-11T14:42:00+00:00,,,272.3450
2025-11-11T14:43:00+00:00,,,272.4708
2025-11-11T14:44:00+00:00,,,273.1551
2025-11-11T14:45:00+00:00,,,273.2100
2025-11-11T14:46:00+00:00,,,273.3201
2025-11-11T14:47:00+00:00,,,273.6300
2025-11-11T14:48:00+00:00,,,274.0596
2025-11-11T14:49:00+00:00,,,274.0800
2025-11-11T14:50:00+00:00,,,273.7100
2025-11-11T14:51:00+00:00,,,273.6000
2025-11-11T14:52:00+00:00,,,273.9600
2025-11-11T14:53:00+00:00,,,274.0350
2025-11-11T14:54:00+00:00,,,273.9150
2025-11-11T14:55:00+00:00,,,273.9300
2025-11-11T14:56:00+00:00,,,273.8100
2025-11-11T14:57:00+00:00,,,273.5000
2025-11-11T14:58:00+00:00,,,273.6261
2025-11-11T14:59:00+00:00,,,273.8400
2025-11-11T15:00:00+00:00,,,273.1500
2025-11-11T15:01:00+00:00,,,272.9800
2025-11-11T15:02:00+00:00,,,273.0400
2025-11-11T15:03:00+00:00,,,272.7450
2025-11-11T15:04:00+00:00,,,272.7750
2025-11-11T15:05:00+00:00,,,272.8200
2025-11-11T15:06:00+00:00,,,272.7000
2025-11-11T15:07:00+00:00,,,272.8700
2025-11-11T15:08:00+00:00,,,272.8201
2025-11-11T15:09:00+00:00,,,272.8800
2025-11-11T15:10:00+00:00,,,273.0100
2025-11-11T15:11:00+00:00,,,273.2800
2025-11-11T15:12:00+00:00,,,273.2150
2025-11-11T15:13:00+00:00,,,273.2850
2025-11-11T15:14:00+00:00,,,273.3850
2025-11-11T15:15:00+00:00,,,273.2300
2025-11-11T15:16:00+00:00,,,273.1600
2025-11-11T15:17:00+00:00,,,272.9101
2025-11-11T15:18:00+00:00,,,272.9500
2025-11-11T15:19:00+00:00,,,273.1400
2025-11-11T15:20:00+00:00,,,273.2100
2025-11-11T15:21:00+00:00,,,273.1500
2025-11-11T15:22:00+00:00,,,273.4165
2025-11-11T15:23:00+00:00,,,273.5600
2025-11-11T15:24:00+00:00,,,273.8500
2025-11-11T15:25:00+00:00,,,274.1300
2025-11-11T15:26:00+00:00,,,273.9950
2025-11-11T15:27:00+00:00,,,274.4950
2025-11-11T15:28:00+00:00,,,274.5000
2025-11-11T15:29:00+00:00,,,274.1000
2025-11-11T15:30:00+00:00,,,273.8950
2025-11-11T15:31:00+00:00,,,273.9528
2025-11-11T15:32:00+00:00,,,274.0500
2025-11-11T15:33:00+00:00,,,273.8700
2025-11-11T15:34:00+00:00,,,274.1300
2025-11-11T15:35:00+00:00,,,274.0800
2025-11-11T15:36:00+00:00,,,274.2201
2025-11-11T15:37:00+00:00,,,274.0400
2025-11-11T15:38:00+00:00,,,273.7776
2025-11-11T15:39:00+00:00,,,273.8300
2025-11-11T15:40:00+00:00,,,273.6700
2025-11-11T15:41:00+00:00,,,273.5094
2025-11-11T15:42:00+00:00,,,273.1710
2025-11-11T15:43:00+00:00,,,273.1400
2025-11-11T15:44:00+00:00,,,273.1982
2025-11-11T15:45:00+00:00,,,273.2300
2025-11-11T15:46:00+00:00,,,273.1800
2025-11-11T15:47:00+00:00,,,273.1800
2025-11-11T15:48:00+00:00,,,273.1900
2025-11-11T15:49:00+00:00,,,273.3400
2025-11-11T15:50:00+00:00,,,273.2000
2025-11-11T15:51:00+00:00,,,273.2299
2025-11-11T15:52:00+00:00,,,273.2900
2025-11-11T15:53:00+00:00,,,273.3300
2025-11-11T15:54:00+00:00,,,273.1900
2025-11-11T15:55:00+00:00,,,272.8850
2025-11-11T15:56:00+00:00,,,272.8800
2025-11-11T15:57:00+00:00,,,272.7101
2025-11-11T15:58:00+00:00,,,272.7250
2025-11-11T15:59:00+00:00,,,272.9617
2025-11-11T16:00:00+00:00,,,273.0700
2025-11-11T16:01:00+00:00,,,273.2700
2025-11-11T16:02:00+00:00,,,273.1600
2025-11-11T16:03:00+00:00,,,273.2600
2025-11-11T16:04:00+00:00,,,273.2401
2025-11-11T16:05:00+00:00,,,273.2100
2025-11-11T16:06:00+00:00,,,273.1800
2025-11-11T16:07:00+00:00,,,273.3300
2025-11-11T16:08:00+00:00,,,273.3700
2025-11-11T16:09:00+00:00,,,273.3900
2025-11-11T16:10:00+00:00,,,273.4952
2025-11-11T16:11:00+00:00,,,273.4500
2025-11-11T16:12:00+00:00,,,273.5485
2025-11-11T16:13:00+00:00,,,273.3300
2025-11-11T16:14:00+00:00,,,273.2007
2025-11-11T16:15:00+00:00,,,273.0300
2025-11-11T16:16:00+00:00,,,272.9654
2025-11-11T16:17:00+00:00,,,272.9200
2025-11-11T16:18:00+00:00,,,272.9100
2025-11-11T16:19:00+00:00,,,273.0400
2025-11-11T16:20:00+00:00,,,273.0200
2025-11-11T16:21:00+00:00,,,272.9300
2025-11-11T16:22:00+00:00,,,273.0100
2025-11-11T16:23:00+00:00,,,273.1099
2025-11-11T16:24:00+00:00,,,273.0300
2025-11-11T16:25:00+00:00,,,272.8490
2025-11-11T16:26:00+00:00,,,272.7400
2025-11-11T16:27:00+00:00,,,272.7300
2025-11-11T16:28:00+00:00,,,272.6700
2025-11-11T16:29:00+00:00,,,272.5000
2025-11-11T16:30:00+00:00,,,272.2800
2025-11-11T16:31:00+00:00,,,272.4450
2025-11-11T16:32:00+00:00,,,272.2190
2025-11-11T16:33:00+00:00,,,272.3800
2025-11-11T16:34:00+00:00,,,272.4177
2025-11-11T16:35:00+00:00,,,272.3100
2025-11-11T16:36:00+00:00,,,272.3900
2025-11-11T16:37:00+00:00,,,272.1400
2025-11-11T16:38:00+00:00,,,272.0199
2025-11-11T16:39:00+00:00,,,271.9781
2025-11-11T16:40:00+00:00,,,271.8900
2025-11-11T16:41:00+00:00,,,271.8701
2025-11-11T16:42:00+00:00,,,271.9100
2025-11-11T16:43:00+00:00,,,271.8401
2025-11-11T16:44:00+00:00,,,271.8750
2025-11-11T16:45:00+00:00,,,271.8800
2025-11-11T16:46:00+00:00,,,271.9400
2025-11-11T16:47:00+00:00,,,272.1800
2025-11-11T16:48:00+00:00,,,272.1000
2025-11-11T16:49:00+00:00,,,272.0851
2025-11-11T16:50:00+00:00,,,272.0300
2025-11-11T16:51:00+00:00,,,272.0200
2025-11-11T16:52:00+00:00,,,271.9400
2025-11-11T16:53:00+00:00,,,272.1857
2025-11-11T16:54:00+00:00,,,272.0790
2025-11-11T16:55:00+00:00,,,272.0501
2025-11-11T16:56:00+00:00,,,271.9900
2025-11-11T16:57:00+00:00,,,271.8750
2025-11-11T16:58:00+00:00,,,271.9300
2025-11-11T16:59:00+00:00,,,271.9500
2025-11-11T17:00:00+00:00,,,272.1800
2025-11-11T17:01:00+00:00,,,272.3000
2025-11-11T17:02:00+00:00,,,272.4300
2025-11-11T17:03:00+00:00,,,272.5882
2025-11-11T17:04:00+00:00,,,272.5772
2025-11-11T17:05:00+00:00,,,272.7600
2025-11-11T17:06:00+00:00,,,272.7500
2025-11-11T17:07:00+00:00,,,272.7101
2025-11-11T17:08:00+00:00,,,272.5900
2025-11-11T17:09:00+00:00,,,272.4500
2025-11-11T17:10:00+00:00,,,272.3000
2025-11-11T17:11:00+00:00,,,272.2500
2025-11-11T17:12:00+00:00,,,272.2500
2025-11-11T17:13:00+00:00,,,272.3400
2025-11-11T17:14:00+00:00,,,272.5756
2025-11-11T17:15:00+00:00,,,272.7800
2025-11-11T17:16:00+00:00,,,272.6090
2025-11-11T17:17:00+00:00,,,272.8000
2025-11-11T17:18:00+00:00,,,272.8150
2025-11-11T17:19:00+00:00,,,272.9051
2025-11-11T17:20:00+00:00,,,272.9200
2025-11-11T17:21:00+00:00,,,272.8900
2025-11-11T17:22:00+00:00,,,273.2100
2025-11-11T17:23:00+00:00,,,273.4746
2025-11-11T17:24:00+00:00,,,273.5700
2025-11-11T17:25:00+00:00,,,273.4200
2025-11-11T17:26:00+00:00,,,273.3352
2025-11-11T17:27:00+00:00,,,273.3100
2025-11-11T17:28:00+00:00,,,273.4650
2025-11-11T17:29:00+00:00,,,273.3150
2025-11-11T17:30:00+00:00,,,273.3100
2025-11-11T17:31:00+00:00,,,273.1250
2025-11-11T17:32:00+00:00,,,273.2436
2025-11-11T17:33:00+00:00,,,273.2851
2025-11-11T17:34:00+00:00,,,273.4140
2025-11-11T17:35:00+00:00,,,273.2851
2025-11-11T17:36:00+00:00,,,273.2800
2025-11-11T17:37:00+00:00,,,273.2500
2025-11-11T17:38:00+00:00,,,273.1500
2025-11-11T17:39:00+00:00,,,273.0900
2025-11-11T17:40:00+00:00,,,273.2700
2025-11-11T17:41:00+00:00,,,273.3400
2025-11-11T17:42:00+00:00,,,273.3650
2025-11-11T17:43:00+00:00,,,273.3753
2025-11-11T17:44:00+00:00,,,273.5800
2025-11-11T17:45:00+00:00,,,273.6100
2025-11-11T17:46:00+00:00,,,273.5100
2025-11-11T17:47:00+00:00,,,273.3900
2025-11-11T17:48:00+00:00,,,273.5500
2025-11-11T17:49:00+00:00,,,273.5800
2025-11-11T17:50:00+00:00,,,273.5739
2025-11-11T17:51:00+00:00,,,273.5600
2025-11-11T17:52:00+00:00,,,273.6400
2025-11-11T17:53:00+00:00,,,273.6600
2025-11-11T17:54:00+00:00,,,273.5600
2025-11-11T17:55:00+00:00,,,273.6300
2025-11-11T17:56:00+00:00,,,273.7400
2025-11-11T17:57:00+00:00,,,273.7279
2025-11-11T17:58:00+00:00,,,273.8100
2025-11-11T17:59:00+00:00,,,273.8300
2025-11-11T18:00:00+00:00,,,273.9100
2025-11-11T18:01:00+00:00,,,274.1000
2025-11-11T18:02:00+00:00,,,273.9150
2025-11-11T18:03:00+00:00,,,274.0150
2025-11-11T18:04:00+00:00,,,273.8200
2025-11-11T18:05:00+00:00,,,273.7300
2025-11-11T18:06:00+00:00,,,273.7800
2025-11-11T18:07:00+00:00,,,273.8200
2025-11-11T18:08:00+00:00,,,274.1300
2025-11-11T18:09:00+00:00,,,274.1807
2025-11-11T18:10:00+00:00,,,274.2018
2025-11-11T18:11:00+00:00,,,274.2107
2025-11-11T18:12:00+00:00,,,274.2710
2025-11-11T18:13:00+00:00,,,274.2000
2025-11-11T18:14:00+00:00,,,274.1270
2025-11-11T18:15:00+00:00,,,274.0596
2025-11-11T18:16:00+00:00,,,274.2400
2025-11-11T18:17:00+00:00,,,274.2361
2025-11-11T18:18:00+00:00,,,274.2600
2025-11-11T18:19:00+00:00,,,274.4500
2025-11-11T18:20:00+00:00,,,274.3507
2025-11-11T18:21:00+00:00,,,274.4050
2025-11-11T18:22:00+00:00,,,274.3500
2025-11-11T18:23:00+00:00,,,274.3600
2025-11-11T18:24:00+00:00,,,274.3800
2025-11-11T18:25:00+00:00,,,274.6100
2025-11-11T18:26:00+00:00,,,274.5899
2025-11-11T18:27:00+00:00,,,274.4906
2025-11-11T18:28:00+00:00,,,274.5500
2025-11-11T18:29:00+00:00,,,274.4800
2025-11-11T18:30:00+00:00,,,274.4400
2025-11-11T18:31:00+00:00,,,274.5350
2025-11-11T18:32:00+00:00,,,274.7801
2025-11-11T18:33:00+00:00,,,274.7300
2025-11-11T18:34:00+00:00,,,274.8700
2025-11-11T18:35:00+00:00,,,274.9099
2025-11-11T18:36:00+00:00,,,274.5788
2025-11-11T18:37:00+00:00,,,274.4900
2025-11-11T18:38:00+00:00,,,274.4150
2025-11-11T18:39:00+00:00,,,274.3700
2025-11-11T18:40:00+00:00,,,274.3600
2025-11-11T18:41:00+00:00,,,274.3250
2025-11-11T18:42:00+00:00,,,274.1700
2025-11-11T18:43:00+00:00,,,274.3400
2025-11-11T18:44:00+00:00,,,274.4500
2025-11-11T18:45:00+00:00,,,274.3500
2025-11-11T18:46:00+00:00,,,274.3200
2025-11-11T18:47:00+00:00,,,274.4000
2025-11-11T18:48:00+00:00,,,274.4500
2025-11-11T18:49:00+00:00,,,274.5400
2025-11-11T18:50:00+00:00,,,274.6300
2025-11-11T18:51:00+00:00,,,274.5600
2025-11-11T18:52:00+00:00,,,274.6300
2025-11-11T18:53:00+00:00,,,274.6000
2025-11-11T18:54:00+00:00,,,274.4983
2025-11-11T18:55:00+00:00,,,274.5000
2025-11-11T18:56:00+00:00,,,274.3990
2025-11-11T18:57:00+00:00,,,274.5200
2025-11-11T18:58:00+00:00,,,274.4450
2025-11-11T18:59:00+00:00,,,274.4600
2025-11-11T19:00:00+00:00,,,274.3701
2025-11-11T19:01:00+00:00,,,274.3582
2025-11-11T19:02:00+00:00,,,274.3000
2025-11-11T19:03:00+00:00,,,274.2314
2025-11-11T19:04:00+00:00,,,274.3110
2025-11-11T19:05:00+00:00,,,274.4802
2025-11-11T19:06:00+00:00,,,274.4450
2025-11-11T19:07:00+00:00,,,274.4950
2025-11-11T19:08:00+00:00,,,274.6200
2025-11-11T19:09:00+00:00,,,274.6500
2025-11-11T19:10:00+00:00,,,274.8045
2025-11-11T19:11:00+00:00,,,274.7800
2025-11-11T19:12:00+00:00,,,274.9800
2025-11-11T19:13:00+00:00,,,274.9800
2025-11-11T19:14:00+00:00,,,274.8950
2025-11-11T19:15:00+00:00,,,275.0700
2025-11-11T19:16:00+00:00,,,275.2000
2025-11-11T19:17:00+00:00,,,275.0622
2025-11-11T19:18:00+00:00,,,275.0740
2025-11-11T19:19:00+00:00,,,275.2000
2025-11-11T19:20:00+00:00,,,275.2001
2025-11-11T19:21:00+00:00,,,275.3400
2025-11-11T19:22:00+00:00,,,275.4250
2025-11-11T19:23:00+00:00,,,275.5300
2025-11-11T19:24:00+00:00,,,275.3800
2025-11-11T19:25:00+00:00,,,275.2000
2025-11-11T19:26:00+00:00,,,275.2770
2025-11-11T19:27:00+00:00,,,275.3900
2025-11-11T19:28:00+00:00,,,275.4400
2025-11-11T19:29:00+00:00,,,275.3200
2025-11-11T19:30:00+00:00,,,275.3650
2025-11-11T19:31:00+00:00,,,275.2300
2025-11-11T19:32:00+00:00,,,275.1300
2025-11-11T19:33:00+00:00,,,275.2200
2025-11-11T19:34:00+00:00,,,275.1900
2025-11-11T19:35:00+00:00,,,275.2000
2025-11-11T19:36:00+00:00,,,275.2900
2025-11-11T19:37:00+00:00,,,275.2950
2025-11-11T19:38:00+00:00,,,275.2550
2025-11-11T19:39:00+00:00,,,275.1820
2025-11-11T19:40:00+00:00,,,275.1004
2025-11-11T19:41:00+00:00,,,275.2800
2025-11-11T19:42:00+00:00,,,275.2500
2025-11-11T19:43:00+00:00,,,275.1000
2025-11-11T19:44:00+00:00,,,275.1100
2025-11-11T19:45:00+00:00,,,275.0800
2025-11-11T19:46:00+00:00,,,275.1400
2025-11-11T19:47:00+00:00,,,275.1300
2025-11-11T19:48:00+00:00,,,275.3000
2025-11-11T19:49:00+00:00,,,275.2800
2025-11-11T19:50:00+00:00,,,275.3050
2025-11-11T19:51:00+00:00,,,275.2300
2025-11-11T19:52:00+00:00,,,275.2748
2025-11-11T19:53:00+00:00,,,275.3350
2025-11-11T19:54:00+00:00,,,275.3400
2025-11-11T19:55:00+00:00,,,275.3800
2025-11-11T19:56:00+00:00,,,275.4250
2025-11-11T19:57:00+00:00,,,275.4009
2025-11-11T19:58:00+00:00,,,275.3100
2025-11-11T19:59:00+00:00,,,275.5500
2025-11-11T20:00:00+00:00,,,275.6100
2025-11-11T20:01:00+00:00,,,275.6200
2025-11-11T20:02:00+00:00,,,275.5000
2025-11-11T20:03:00+00:00,,,275.4736
2025-11-11T20:04:00+00:00,,,275.6650
2025-11-11T20:05:00+00:00,,,275.7250
2025-11-11T20:06:00+00:00,,,275.6650
2025-11-11T20:07:00+00:00,,,275.6200
2025-11-11T20:08:00+00:00,,,275.5350
2025-11-11T20:09:00+00:00,,,275.4700
2025-11-11T20:10:00+00:00,,,275.4600
2025-11-11T20:11:00+00:00,,,275.6078
2025-11-11T20:12:00+00:00,,,275.5900
2025-11-11T20:13:00+00:00,,,275.5000
2025-11-11T20:14:00+00:00,,,275.4218
2025-11-11T20:15:00+00:00,,,275.4300
2025-11-11T20:16:00+00:00,,,275.4100
2025-11-11T20:17:00+00:00,,,275.3050
2025-11-11T20:18:00+00:00,,,275.4600
2025-11-11T20:19:00+00:00,,,275.3310
2025-11-11T20:20:00+00:00,,,275.4750
2025-11-11T20:21:00+00:00,,,275.4200
2025-11-11T20:22:00+00:00,,,275.4200
2025-11-11T20:23:00+00:00,,,275.4100
2025-11-11T20:24:00+00:00,,,275.4600
2025-11-11T20:25:00+00:00,,,275.4000
2025-11-11T20:26:00+00:00,,,275.3050
2025-11-11T20:27:00+00:00,,,275.3300
2025-11-11T20:28:00+00:00,,,275.2600
2025-11-11T20:29:00+00:00,,,275.2500
2025-11-11T20:30:00+00:00,,,275.1700
2025-11-11T20:31:00+00:00,,,275.2000
2025-11-11T20:32:00+00:00,,,275.4800
2025-11-11T20:33:00+00:00,,,275.4300
2025-11-11T20:34:00+00:00,,,275.4600
2025-11-11T20:35:00+00:00,,,275.3750
2025-11-11T20:36:00+00:00,,,275.1950
2025-11-11T20:37:00+00:00,,,275.2300
2025-11-11T20:38:00+00:00,,,275.2900
2025-11-11T20:39:00+00:00,,,275.3050
2025-11-11T20:40:00+00:00,,,275.3100
2025-11-11T20:41:00+00:00,,,275.0600
2025-11-11T20:42:00+00:00,,,275.1350
2025-11-11T20:43:00+00:00,,,275.2300
2025-11-11T20:44:00+00:00,,,275.4500
2025-11-11T20:45:00+00:00,,,275.6200
2025-11-11T20:46:00+00:00,,,275.5301
2025-11-11T20:47:00+00:00,,,275.5600
2025-11-11T20:48:00+00:00,,,275.4800
2025-11-11T20:49:00+00:00,,,275.6300
2025-11-11T20:50:00+00:00,,,275.6910
2025-11-11T20:51:00+00:00,,,275.8000
2025-11-11T20:52:00+00:00,,,275.7000
2025-11-11T20:53:00+00:00,,,275.6700
2025-11-11T20:54:00+00:00,,,275.2700
2025-11-11T20:55:00+00:00,,,274.9521
2025-11-11T20:56:00+00:00,,,275.0500
2025-11-11T20:57:00+00:00,,,275.1500
2025-11-11T20:58:00+00:00,,,275.1400
2025-11-11T20:59:00+00:00,,,275.3000
2025-11-12T14:30:00+00:00,,,274.2000
2025-11-12T14:31:00+00:00,,,273.7401
2025-11-12T14:32:00+00:00,,,273.5800
2025-11-12T14:33:00+00:00,,,273.0200
2025-11-12T14:34:00+00:00,,,273.1400
2025-11-12T14:35:00+00:00,,,273.2100
2025-11-12T14:36:00+00:00,,,273.1250
2025-11-12T14:37:00+00:00,,,272.8300
2025-11-12T14:38:00+00:00,,,273.1200
2025-11-12T14:39:00+00:00,,,273.3900
2025-11-12T14:40:00+00:00,,,273.1200
2025-11-12T14:41:00+00:00,,,272.8125
2025-11-12T14:42:00+00:00,,,272.5300
2025-11-12T14:43:00+00:00,,,272.1850
2025-11-12T14:44:00+00:00,,,272.2978
2025-11-12T14:45:00+00:00,,,272.5000
2025-11-12T14:46:00+00:00,,,272.0301
2025-11-12T14:47:00+00:00,,,272.2596
2025-11-12T14:48:00+00:00,,,272.0650
2025-11-12T14:49:00+00:00,,,271.9600
2025-11-12T14:50:00+00:00,,,272.4356
2025-11-12T14:51:00+00:00,,,272.5750
2025-11-12T14:52:00+00:00,,,272.6300
2025-11-12T14:53:00+00:00,,,272.6200
2025-11-12T14:54:00+00:00,,,272.5182
2025-11-12T14:55:00+00:00,,,272.4200
2025-11-12T14:56:00+00:00,,,272.3600
2025-11-12T14:57:00+00:00,,,272.4500
2025-11-12T14:58:00+00:00,,,272.1250
2025-11-12T14:59:00+00:00,,,272.1600
2025-11-12T15:00:00+00:00,,,272.6050
2025-11-12T15:01:00+00:00,,,273.0050
2025-11-12T15:02:00+00:00,,,273.0350
2025-11-12T15:03:00+00:00,,,273.0156
2025-11-12T15:04:00+00:00,,,273.1700
2025-11-12T15:05:00+00:00,,,272.9800
2025-11-12T15:06:00+00:00,,,273.1514
2025-11-12T15:07:00+00:00,,,273.0950
2025-11-12T15:08:00+00:00,,,273.2200
2025-11-12T15:09:00+00:00,,,273.3150
2025-11-12T15:10:00+00:00,,,273.1100
2025-11-12T15:11:00+00:00,,,273.0450
2025-11-12T15:12:00+00:00,,,273.0801
2025-11-12T15:13:00+00:00,,,272.7500
2025-11-12T15:14:00+00:00,,,272.9000
2025-11-12T15:15:00+00:00,,,273.2695
2025-11-12T15:16:00+00:00,,,273.2100
2025-11-12T15:17:00+00:00,,,273.2403
2025-11-12T15:18:00+00:00,,,273.4000
2025-11-12T15:19:00+00:00,,,273.0650
2025-11-12T15:20:00+00:00,,,273.2400
2025-11-12T15:21:00+00:00,,,273.0800
2025-11-12T15:22:00+00:00,,,273.2900
2025-11-12T15:23:00+00:00,,,273.3352
2025-11-12T15:24:00+00:00,,,273.3600
2025-11-12T15:25:00+00:00,,,273.2400
2025-11-12T15:26:00+00:00,,,273.3300
2025-11-12T15:27:00+00:00,,,272.8850
2025-11-12T15:28:00+00:00,,,272.7822
2025-11-12T15:29:00+00:00,,,272.9400
2025-11-12T15:30:00+00:00,,,272.6907
2025-11-12T15:31:00+00:00,,,272.8750
2025-11-12T15:32:00+00:00,,,273.2700
2025-11-12T15:33:00+00:00,,,273.2200
2025-11-12T15:34:00+00:00,,,273.2700
2025-11-12T15:35:00+00:00,,,273.6453
2025-11-12T15:36:00+00:00,,,273.7555
2025-11-12T15:37:00+00:00,,,274.0350
2025-11-12T15:38:00+00:00,,,274.1115
2025-11-12T15:39:00+00:00,,,274.2400
2025-11-12T15:40:00+00:00,,,274.2822
2025-11-12T15:41:00+00:00,,,274.3500
2025-11-12T15:42:00+00:00,,,273.9701
2025-11-12T15:43:00+00:00,,,273.8100
2025-11-12T15:44:00+00:00,,,273.8950
2025-11-12T15:45:00+00:00,,,273.7900
2025-11-12T15:46:00+00:00,,,273.7600
2025-11-12T15:47:00+00:00,,,273.6600
2025-11-12T15:48:00+00:00,,,273.6600
2025-11-12T15:49:00+00:00,,,273.6500
2025-11-12T15:50:00+00:00,,,273.7500
2025-11-12T15:51:00+00:00,,,274.0100
2025-11-12T15:52:00+00:00,,,273.8050
2025-11-12T15:53:00+00:00,,,273.7800
2025-11-12T15:54:00+00:00,,,273.8200
2025-11-12T15:55:00+00:00,,,274.0100
2025-11-12T15:56:00+00:00,,,274.1600
2025-11-12T15:57:00+00:00,,,274.1900
2025-11-12T15:58:00+00:00,,,274.2000
2025-11-12T15:59:00+00:00,,,274.1325
2025-11-12T16:00:00+00:00,,,274.1350
2025-11-12T16:01:00+00:00,,,274.1991
2025-11-12T16:02:00+00:00,,,274.3050
2025-11-12T16:03:00+00:00,,,274.0850
2025-11-12T16:04:00+00:00,,,274.0800
2025-11-12T16:05:00+00:00,,,274.1700
2025-11-12T16:06:00+00:00,,,273.9541
2025-11-12T16:07:00+00:00,,,273.8501
2025-11-12T16:08:00+00:00,,,273.8600
2025-11-12T16:09:00+00:00,,,274.0300
2025-11-12T16:10:00+00:00,,,274.0800
2025-11-12T16:11:00+00:00,,,274.0500
2025-11-12T16:12:00+00:00,,,274.1000
2025-11-12T16:13:00+00:00,,,274.0800
2025-11-12T16:14:00+00:00,,,274.2100
2025-11-12T16:15:00+00:00,,,274.3600
2025-11-12T16:16:00+00:00,,,274.3600
2025-11-12T16:17:00+00:00,,,274.2600
2025-11-12T16:18:00+00:00,,,274.0918
2025-11-12T16:19:00+00:00,,,274.2100
2025-11-12T16:20:00+00:00,,,274.1400
2025-11-12T16:21:00+00:00,,,274.2000
2025-11-12T16:22:00+00:00,,,274.2000
2025-11-12T16:23:00+00:00,,,274.2300
2025-11-12T16:24:00+00:00,,,274.0600
2025-11-12T16:25:00+00:00,,,274.2438
2025-11-12T16:26:00+00:00,,,274.2900
2025-11-12T16:27:00+00:00,,,274.4575
2025-11-12T16:28:00+00:00,,,274.4800
2025-11-12T16:29:00+00:00,,,274.6000
2025-11-12T16:30:00+00:00,,,274.3258
2025-11-12T16:31:00+00:00,,,274.2700
2025-11-12T16:32:00+00:00,,,274.3100
2025-11-12T16:33:00+00:00,,,274.4100
2025-11-12T16:34:00+00:00,,,274.2502
2025-11-12T16:35:00+00:00,,,274.5500
2025-11-12T16:36:00+00:00,,,274.5300
2025-11-12T16:37:00+00:00,,,274.6197
2025-11-12T16:38:00+00:00,,,274.5800
2025-11-12T16:39:00+00:00,,,274.5300
2025-11-12T16:40:00+00:00,,,274.5400
2025-11-12T16:41:00+00:00,,,274.6500
2025-11-12T16:42:00+00:00,,,274.6350
2025-11-12T16:43:00+00:00,,,274.6800
2025-11-12T16:44:00+00:00,,,274.7700
2025-11-12T16:45:00+00:00,,,274.7022
2025-11-12T16:46:00+00:00,,,274.4400
2025-11-12T16:47:00+00:00,,,274.3112
2025-11-12T16:48:00+00:00,,,274.2100
2025-11-12T16:49:00+00:00,,,274.1622
2025-11-12T16:50:00+00:00,,,274.1600
2025-11-12T16:51:00+00:00,,,274.1200
2025-11-12T16:52:00+00:00,,,274.1601
2025-11-12T16:53:00+00:00,,,274.0322
2025-11-12T16:54:00+00:00,,,274.0800
2025-11-12T16:55:00+00:00,,,274.2250
2025-11-12T16:56:00+00:00,,,274.2600
2025-11-12T16:57:00+00:00,,,274.3900
2025-11-12T16:58:00+00:00,,,274.1700
2025-11-12T16:59:00+00:00,,,274.1701
2025-11-12T17:00:00+00:00,,,274.1164
2025-11-12T17:01:00+00:00,,,274.1300
2025-11-12T17:02:00+00:00,,,274.0700
2025-11-12T17:03:00+00:00,,,274.0900
2025-11-12T17:04:00+00:00,,,274.1700
2025-11-12T17:05:00+00:00,,,274.1550
2025-11-12T17:06:00+00:00,,,274.1736
2025-11-12T17:07:00+00:00,,,274.1500
2025-11-12T17:08:00+00:00,,,274.0500
2025-11-12T17:09:00+00:00,,,274.0200
2025-11-12T17:10:00+00:00,,,273.7403
2025-11-12T17:11:00+00:00,,,273.9202
2025-11-12T17:12:00+00:00,,,273.8600
2025-11-12T17:13:00+00:00,,,273.9200
2025-11-12T17:14:00+00:00,,,273.9400
2025-11-12T17:15:00+00:00,,,274.0800
2025-11-12T17:16:00+00:00,,,274.0500
2025-11-12T17:17:00+00:00,,,273.8900
2025-11-12T17:18:00+00:00,,,273.9100
2025-11-12T17:19:00+00:00,,,274.0100
2025-11-12T17:20:00+00:00,,,274.1900
2025-11-12T17:21:00+00:00,,,274.2850
2025-11-12T17:22:00+00:00,,,274.1900
2025-11-12T17:23:00+00:00,,,274.2001
2025-11-12T17:24:00+00:00,,,274.1472
2025-11-12T17:25:00+00:00,,,274.2300
2025-11-12T17:26:00+00:00,,,274.1400
2025-11-12T17:27:00+00:00,,,274.3350
2025-11-12T17:28:00+00:00,,,274.4000
2025-11-12T17:29:00+00:00,,,274.3900
2025-11-12T17:30:00+00:00,,,274.4600
2025-11-12T17:31:00+00:00,,,274.4696
2025-11-12T17:32:00+00:00,,,274.5595
2025-11-12T17:33:00+00:00,,,274.5000
2025-11-12T17:34:00+00:00,,,274.4800
2025-11-12T17:35:00+00:00,,,274.5200
2025-11-12T17:36:00+00:00,,,274.5300
2025-11-12T17:37:00+00:00,,,274.6000
2025-11-12T17:38:00+00:00,,,274.6212
2025-11-12T17:39:00+00:00,,,274.6180
2025-11-12T17:40:00+00:00,,,274.7250
2025-11-12T17:41:00+00:00,,,274.6682
2025-11-12T17:42:00+00:00,,,274.5720
2025-11-12T17:43:00+00:00,,,274.5000
2025-11-12T17:44:00+00:00,,,274.4400
2025-11-12T17:45:00+00:00,,,274.5000
2025-11-12T17:46:00+00:00,,,274.4700
2025-11-12T17:47:00+00:00,,,274.5050
2025-11-12T17:48:00+00:00,,,274.4300
2025-11-12T17:49:00+00:00,,,274.3599
2025-11-12T17:50:00+00:00,,,274.2200
2025-11-12T17:51:00+00:00,,,274.2100
2025-11-12T17:52:00+00:00,,,274.2750
2025-11-12T17:53:00+00:00,,,274.2100
2025-11-12T17:54:00+00:00,,,274.2800
2025-11-12T17:55:00+00:00,,,274.2301
2025-11-12T17:56:00+00:00,,,274.2400
2025-11-12T17:57:00+00:00,,,274.2500
2025-11-12T17:58:00+00:00,,,274.4600
2025-11-12T17:59:00+00:00,,,274.5600
2025-11-12T18:00:00+00:00,,,274.5900
2025-11-12T18:01:00+00:00,,,274.6600
2025-11-12T18:02:00+00:00,,,274.6920
2025-11-12T18:03:00+00:00,,,274.9000
2025-11-12T18:04:00+00:00,,,274.9400
2025-11-12T18:05:00+00:00,,,275.0626
2025-11-12T18:06:00+00:00,,,275.0400
2025-11-12T18:07:00+00:00,,,274.9900
2025-11-12T18:08:00+00:00,,,274.9400
2025-11-12T18:09:00+00:00,,,274.8515
2025-11-12T18:10:00+00:00,,,274.9200
2025-11-12T18:11:00+00:00,,,274.8900
2025-11-12T18:12:00+00:00,,,274.9400
2025-11-12T18:13:00+00:00,,,274.9600
2025-11-12T18:14:00+00:00,,,275.0500
2025-11-12T18:15:00+00:00,,,275.0850
2025-11-12T18:16:00+00:00,,,275.0650
2025-11-12T18:17:00+00:00,,,274.8500
2025-11-12T18:18:00+00:00,,,274.7900
2025-11-12T18:19:00+00:00,,,274.8300
2025-11-12T18:20:00+00:00,,,274.8152
2025-11-12T18:21:00+00:00,,,274.8740
2025-11-12T18:22:00+00:00,,,274.8400
2025-11-12T18:23:00+00:00,,,274.9200
2025-11-12T18:24:00+00:00,,,274.9550
2025-11-12T18:25:00+00:00,,,274.9701
2025-11-12T18:26:00+00:00,,,275.0300
2025-11-12T18:27:00+00:00,,,275.0100
2025-11-12T18:28:00+00:00,,,274.9350
2025-11-12T18:29:00+00:00,,,274.9800
2025-11-12T18:30:00+00:00,,,275.0900
2025-11-12T18:31:00+00:00,,,275.0600
2025-11-12T18:32:00+00:00,,,274.8800
2025-11-12T18:33:00+00:00,,,274.9450
2025-11-12T18:34:00+00:00,,,274.8250
2025-11-12T18:35:00+00:00,,,274.7400
2025-11-12T18:36:00+00:00,,,274.9300
2025-11-12T18:37:00+00:00,,,275.0095
2025-11-12T18:38:00+00:00,,,275.0800
2025-11-12T18:39:00+00:00,,,275.1200
2025-11-12T18:40:00+00:00,,,275.2000
2025-11-12T18:41:00+00:00,,,275.3100
2025-11-12T18:42:00+00:00,,,275.1950
2025-11-12T18:43:00+00:00,,,275.2300
2025-11-12T18:44:00+00:00,,,275.2100
2025-11-12T18:45:00+00:00,,,275.3200
2025-11-12T18:46:00+00:00,,,275.3000
2025-11-12T18:47:00+00:00,,,275.3390
2025-11-12T18:48:00+00:00,,,275.2800
2025-11-12T18:49:00+00:00,,,275.0500
2025-11-12T18:50:00+00:00,,,275.0301
2025-11-12T18:51:00+00:00,,,275.1300
2025-11-12T18:52:00+00:00,,,275.2900
2025-11-12T18:53:00+00:00,,,275.1400
2025-11-12T18:54:00+00:00,,,275.1850
2025-11-12T18:55:00+00:00,,,275.3267
2025-11-12T18:56:00+00:00,,,275.3500
2025-11-12T18:57:00+00:00,,,275.4100
2025-11-12T18:58:00+00:00,,,275.3900
2025-11-12T18:59:00+00:00,,,275.4100
2025-11-12T19:00:00+00:00,,,275.3900
2025-11-12T19:01:00+00:00,,,275.4450
2025-11-12T19:02:00+00:00,,,275.5699
2025-11-12T19:03:00+00:00,,,275.6100
2025-11-12T19:04:00+00:00,,,275.7300
2025-11-12T19:05:00+00:00,,,275.4727
2025-11-12T19:06:00+00:00,,,275.1000
2025-11-12T19:07:00+00:00,,,274.9800
2025-11-12T19:08:00+00:00,,,275.1800
2025-11-12T19:09:00+00:00,,,275.1050
2025-11-12T19:10:00+00:00,,,275.0499
2025-11-12T19:11:00+00:00,,,275.0800
2025-11-12T19:12:00+00:00,,,275.0800
2025-11-12T19:13:00+00:00,,,275.0500
2025-11-12T19:14:00+00:00,,,274.9600
2025-11-12T19:15:00+00:00,,,274.9503
2025-11-12T19:16:00+00:00,,,275.1045
2025-11-12T19:17:00+00:00,,,274.8600
2025-11-12T19:18:00+00:00,,,274.7100
2025-11-12T19:19:00+00:00,,,274.7200
2025-11-12T19:20:00+00:00,,,274.6750
2025-11-12T19:21:00+00:00,,,274.7900
2025-11-12T19:22:00+00:00,,,274.8600
2025-11-12T19:23:00+00:00,,,274.9200
2025-11-12T19:24:00+00:00,,,274.8400
2025-11-12T19:25:00+00:00,,,274.9450
2025-11-12T19:26:00+00:00,,,274.9200
2025-11-12T19:27:00+00:00,,,274.8050
2025-11-12T19:28:00+00:00,,,274.6596
2025-11-12T19:29:00+00:00,,,274.4500
2025-11-12T19:30:00+00:00,,,274.2500
2025-11-12T19:31:00+00:00,,,274.2299
2025-11-12T19:32:00+00:00,,,274.2500
2025-11-12T19:33:00+00:00,,,274.2189
2025-11-12T19:34:00+00:00,,,274.4003
2025-11-12T19:35:00+00:00,,,274.2601
2025-11-12T19:36:00+00:00,,,274.3090
2025-11-12T19:37:00+00:00,,,274.4550
2025-11-12T19:38:00+00:00,,,274.4622
2025-11-12T19:39:00+00:00,,,274.3900
2025-11-12T19:40:00+00:00,,,274.2209
2025-11-12T19:41:00+00:00,,,274.3900
2025-11-12T19:42:00+00:00,,,274.3706
2025-11-12T19:43:00+00:00,,,274.3465
2025-11-12T19:44:00+00:00,,,274.3601
2025-11-12T19:45:00+00:00,,,274.5050
2025-11-12T19:46:00+00:00,,,274.5500
2025-11-12T19:47:00+00:00,,,274.6600
2025-11-12T19:48:00+00:00,,,274.3700
2025-11-12T19:49:00+00:00,,,274.4100
2025-11-12T19:50:00+00:00,,,274.4215
2025-11-12T19:51:00+00:00,,,274.3891
2025-11-12T19:52:00+00:00,,,274.4300
2025-11-12T19:53:00+00:00,,,274.4900
2025-11-12T19:54:00+00:00,,,274.4800
2025-11-12T19:55:00+00:00,,,274.3200
2025-11-12T19:56:00+00:00,,,274.3800
2025-11-12T19:57:00+00:00,,,274.3600
2025-11-12T19:58:00+00:00,,,274.1450
2025-11-12T19:59:00+00:00,,,274.3400
2025-11-12T20:00:00+00:00,,,274.2900
2025-11-12T20:01:00+00:00,,,274.0402
2025-11-12T20:02:00+00:00,,,274.2749
2025-11-12T20:03:00+00:00,,,274.3055
2025-11-12T20:04:00+00:00,,,274.3200
2025-11-12T20:05:00+00:00,,,274.2300
2025-11-12T20:06:00+00:00,,,273.9300
2025-11-12T20:07:00+00:00,,,273.8103
2025-11-12T20:08:00+00:00,,,273.8400
2025-11-12T20:09:00+00:00,,,273.7550
2025-11-12T20:10:00+00:00,,,273.7900
2025-11-12T20:11:00+00:00,,,273.7600
2025-11-12T20:12:00+00:00,,,273.7800
2025-11-12T20:13:00+00:00,,,273.6100
2025-11-12T20:14:00+00:00,,,273.6000
2025-11-12T20:15:00+00:00,,,273.5500
2025-11-12T20:16:00+00:00,,,273.6300
2025-11-12T20:17:00+00:00,,,273.7900
2025-11-12T20:18:00+00:00,,,273.8900
2025-11-12T20:19:00+00:00,,,273.9200
2025-11-12T20:20:00+00:00,,,273.8300
2025-11-12T20:21:00+00:00,,,273.8900
2025-11-12T20:22:00+00:00,,,273.8700
2025-11-12T20:23:00+00:00,,,273.9462
2025-11-12T20:24:00+00:00,,,273.9750
2025-11-12T20:25:00+00:00,,,273.9726
2025-11-12T20:26:00+00:00,,,273.8900
2025-11-12T20:27:00+00:00,,,273.8700
2025-11-12T20:28:00+00:00,,,274.0350
2025-11-12T20:29:00+00:00,,,274.0500
2025-11-12T20:30:00+00:00,,,274.0463
2025-11-12T20:31:00+00:00,,,274.0700
2025-11-12T20:32:00+00:00,,,274.0100
2025-11-12T20:33:00+00:00,,,274.1600
2025-11-12T20:34:00+00:00,,,274.0200
2025-11-12T20:35:00+00:00,,,274.0300
2025-11-12T20:36:00+00:00,,,273.9300
2025-11-12T20:37:00+00:00,,,273.8400
2025-11-12T20:38:00+00:00,,,273.7000
2025-11-12T20:39:00+00:00,,,273.8354
2025-11-12T20:40:00+00:00,,,273.9550
2025-11-12T20:41:00+00:00,,,273.8100
2025-11-12T20:42:00+00:00,,,273.8550
2025-11-12T20:43:00+00:00,,,273.7900
2025-11-12T20:44:00+00:00,,,273.9400
2025-11-12T20:45:00+00:00,,,273.9100
2025-11-12T20:46:00+00:00,,,273.7400
2025-11-12T20:47:00+00:00,,,273.8200
2025-11-12T20:48:00+00:00,,,273.6800
2025-11-12T20:49:00+00:00,,,273.6850
2025-11-12T20:50:00+00:00,,,274.1888
2025-11-12T20:51:00+00:00,,,274.3000
2025-11-12T20:52:00+00:00,,,274.2700
2025-11-12T20:53:00+00:00,,,274.1623
2025-11-12T20:54:00+00:00,,,273.4300
2025-11-12T20:55:00+00:00,,,273.3350
2025-11-12T20:56:00+00:00,,,273.1700
2025-11-12T20:57:00+00:00,,,273.2900
2025-11-12T20:58:00+00:00,,,273.0200
2025-11-12T20:59:00+00:00,,,273.4000
2025-11-13T14:30:00+00:00,,,274.1501
2025-11-13T14:31:00+00:00,,,273.9800
2025-11-13T14:32:00+00:00,,,274.1000
2025-11-13T14:33:00+00:00,,,274.5400
2025-11-13T14:34:00+00:00,,,274.2579
2025-11-13T14:35:00+00:00,,,274.7900
2025-11-13T14:36:00+00:00,,,274.4550
2025-11-13T14:37:00+00:00,,,274.7600
2025-11-13T14:38:00+00:00,,,274.8200
2025-11-13T14:39:00+00:00,,,275.4590
2025-11-13T14:40:00+00:00,,,275.9101
2025-11-13T14:41:00+00:00,,,276.0413
2025-11-13T14:42:00+00:00,,,276.6200
2025-11-13T14:43:00+00:00,,,276.1700
2025-11-13T14:44:00+00:00,,,276.3300
2025-11-13T14:45:00+00:00,,,275.7800
2025-11-13T14:46:00+00:00,,,275.1800
2025-11-13T14:47:00+00:00,,,275.0500
2025-11-13T14:48:00+00:00,,,274.8800
2025-11-13T14:49:00+00:00,,,274.4900
2025-11-13T14:50:00+00:00,,,274.4500
2025-11-13T14:51:00+00:00,,,274.6450
2025-11-13T14:52:00+00:00,,,275.0750
2025-11-13T14:53:00+00:00,,,275.4501
2025-11-13T14:54:00+00:00,,,275.0858
2025-11-13T14:55:00+00:00,,,275.0851
2025-11-13T14:56:00+00:00,,,274.9650
2025-11-13T14:57:00+00:00,,,275.0750
2025-11-13T14:58:00+00:00,,,275.0667
2025-11-13T14:59:00+00:00,,,275.1470
2025-11-13T15:00:00+00:00,,,274.9500
2025-11-13T15:01:00+00:00,,,274.6800
2025-11-13T15:02:00+00:00,,,274.5900
2025-11-13T15:03:00+00:00,,,274.8000
2025-11-13T15:04:00+00:00,,,274.8100
2025-11-13T15:05:00+00:00,,,274.7201
2025-11-13T15:06:00+00:00,,,274.8450
2025-11-13T15:07:00+00:00,,,275.0441
2025-11-13T15:08:00+00:00,,,274.8900
2025-11-13T15:09:00+00:00,,,274.8412
2025-11-13T15:10:00+00:00,,,274.4600
2025-11-13T15:11:00+00:00,,,274.2200
2025-11-13T15:12:00+00:00,,,274.1400
2025-11-13T15:13:00+00:00,,,274.2300
2025-11-13T15:14:00+00:00,,,274.1300
2025-11-13T15:15:00+00:00,,,274.3200
2025-11-13T15:16:00+00:00,,,274.4992
2025-11-13T15:17:00+00:00,,,274.1300
2025-11-13T15:18:00+00:00,,,274.1300
2025-11-13T15:19:00+00:00,,,273.9600
2025-11-13T15:20:00+00:00,,,273.5800
2025-11-13T15:21:00+00:00,,,273.5901
2025-11-13T15:22:00+00:00,,,273.4640
2025-11-13T15:23:00+00:00,,,273.6900
2025-11-13T15:24:00+00:00,,,273.7727
2025-11-13T15:25:00+00:00,,,273.9000
2025-11-13T15:26:00+00:00,,,273.8100
2025-11-13T15:27:00+00:00,,,273.7244
2025-11-13T15:28:00+00:00,,,273.8290
2025-11-13T15:29:00+00:00,,,273.7100
2025-11-13T15:30:00+00:00,,,273.5400
2025-11-13T15:31:00+00:00,,,273.4750
2025-11-13T15:32:00+00:00,,,273.3400
2025-11-13T15:33:00+00:00,,,273.3700
2025-11-13T15:34:00+00:00,,,272.7950
2025-11-13T15:35:00+00:00,,,273.0500
2025-11-13T15:36:00+00:00,,,273.1700
2025-11-13T15:37:00+00:00,,,272.9100
2025-11-13T15:38:00+00:00,,,272.8000
2025-11-13T15:39:00+00:00,,,272.8951
2025-11-13T15:40:00+00:00,,,272.8200
2025-11-13T15:41:00+00:00,,,272.6726
2025-11-13T15:42:00+00:00,,,272.4500
2025-11-13T15:43:00+00:00,,,272.6750
2025-11-13T15:44:00+00:00,,,272.5750
2025-11-13T15:45:00+00:00,,,272.4300
2025-11-13T15:46:00+00:00,,,272.4300
2025-11-13T15:47:00+00:00,,,272.4200
2025-11-13T15:48:00+00:00,,,272.3800
2025-11-13T15:49:00+00:00,,,272.4101
2025-11-13T15:50:00+00:00,,,272.3450
2025-11-13T15:51:00+00:00,,,272.3700
2025-11-13T15:52:00+00:00,,,272.3900
2025-11-13T15:53:00+00:00,,,272.5400
2025-11-13T15:54:00+00:00,,,272.6532
2025-11-13T15:55:00+00:00,,,272.3691
2025-11-13T15:56:00+00:00,,,272.3800
2025-11-13T15:57:00+00:00,,,272.6200
2025-11-13T15:58:00+00:00,,,272.7900
2025-11-13T15:59:00+00:00,,,272.9300
2025-11-13T16:00:00+00:00,,,272.8750
2025-11-13T16:01:00+00:00,,,272.9800
2025-11-13T16:02:00+00:00,,,272.9999
2025-11-13T16:03:00+00:00,,,272.5700
2025-11-13T16:04:00+00:00,,,272.5000
2025-11-13T16:05:00+00:00,,,272.5900
2025-11-13T16:06:00+00:00,,,272.5399
2025-11-13T16:07:00+00:00,,,272.5000
2025-11-13T16:08:00+00:00,,,272.6300
2025-11-13T16:09:00+00:00,,,272.7900
2025-11-13T16:10:00+00:00,,,272.5779
2025-11-13T16:11:00+00:00,,,272.8850
2025-11-13T16:12:00+00:00,,,272.8922
2025-11-13T16:13:00+00:00,,,272.9895
2025-11-13T16:14:00+00:00,,,273.1208
2025-11-13T16:15:00+00:00,,,273.4100
2025-11-13T16:16:00+00:00,,,273.3200
2025-11-13T16:17:00+00:00,,,273.5600
2025-11-13T16:18:00+00:00,,,273.5001
2025-11-13T16:19:00+00:00,,,273.7150
2025-11-13T16:20:00+00:00,,,273.8200
2025-11-13T16:21:00+00:00,,,273.6793
2025-11-13T16:22:00+00:00,,,273.7500
2025-11-13T16:23:00+00:00,,,273.8300
2025-11-13T16:24:00+00:00,,,273.6800
2025-11-13T16:25:00+00:00,,,273.8300
2025-11-13T16:26:00+00:00,,,274.0550
2025-11-13T16:27:00+00:00,,,274.1200
2025-11-13T16:28:00+00:00,,,274.0850
2025-11-13T16:29:00+00:00,,,274.0371
2025-11-13T16:30:00+00:00,,,274.0200
2025-11-13T16:31:00+00:00,,,274.0900
2025-11-13T16:32:00+00:00,,,274.2000
2025-11-13T16:33:00+00:00,,,274.0600
2025-11-13T16:34:00+00:00,,,274.2800
2025-11-13T16:35:00+00:00,,,274.1820
2025-11-13T16:36:00+00:00,,,273.7200
2025-11-13T16:37:00+00:00,,,273.8050
2025-11-13T16:38:00+00:00,,,273.8500
2025-11-13T16:39:00+00:00,,,273.5900
2025-11-13T16:40:00+00:00,,,273.7700
2025-11-13T16:41:00+00:00,,,273.6600
2025-11-13T16:42:00+00:00,,,273.7800
2025-11-13T16:43:00+00:00,,,273.6650
2025-11-13T16:44:00+00:00,,,273.5100
2025-11-13T16:45:00+00:00,,,273.3200
2025-11-13T16:46:00+00:00,,,273.3500
2025-11-13T16:47:00+00:00,,,273.3600
2025-11-13T16:48:00+00:00,,,273.2790
2025-11-13T16:49:00+00:00,,,273.2800
2025-11-13T16:50:00+00:00,,,273.0900
2025-11-13T16:51:00+00:00,,,273.4700
2025-11-13T16:52:00+00:00,,,273.3200
2025-11-13T16:53:00+00:00,,,273.3650
2025-11-13T16:54:00+00:00,,,273.4778
2025-11-13T16:55:00+00:00,,,273.4450
2025-11-13T16:56:00+00:00,,,273.5100
2025-11-13T16:57:00+00:00,,,273.6100
2025-11-13T16:58:00+00:00,,,273.6000
2025-11-13T16:59:00+00:00,,,273.7300
2025-11-13T17:00:00+00:00,,,273.9230
2025-11-13T17:01:00+00:00,,,273.4400
2025-11-13T17:02:00+00:00,,,273.2500
2025-11-13T17:03:00+00:00,,,273.5050
2025-11-13T17:04:00+00:00,,,273.6300
2025-11-13T17:05:00+00:00,,,273.5804
2025-11-13T17:06:00+00:00,,,273.6800
2025-11-13T17:07:00+00:00,,,273.5070
2025-11-13T17:08:00+00:00,,,273.4500
2025-11-13T17:09:00+00:00,,,272.9000
2025-11-13T17:10:00+00:00,,,272.7982
2025-11-13T17:11:00+00:00,,,272.8350
2025-11-13T17:12:00+00:00,,,272.6560
2025-11-13T17:13:00+00:00,,,272.6300
2025-11-13T17:14:00+00:00,,,272.5400
2025-11-13T17:15:00+00:00,,,272.6005
2025-11-13T17:16:00+00:00,,,272.8000
2025-11-13T17:17:00+00:00,,,272.8200
2025-11-13T17:18:00+00:00,,,272.7675
2025-11-13T17:19:00+00:00,,,272.7800
2025-11-13T17:20:00+00:00,,,272.9300
2025-11-13T17:21:00+00:00,,,272.6209
2025-11-13T17:22:00+00:00,,,272.7800
2025-11-13T17:23:00+00:00,,,272.8200
2025-11-13T17:24:00+00:00,,,272.7300
2025-11-13T17:25:00+00:00,,,272.9637
2025-11-13T17:26:00+00:00,,,272.7500
2025-11-13T17:27:00+00:00,,,272.8270
2025-11-13T17:28:00+00:00,,,272.8431
2025-11-13T17:29:00+00:00,,,272.8600
2025-11-13T17:30:00+00:00,,,272.9950
2025-11-13T17:31:00+00:00,,,272.9316
2025-11-13T17:32:00+00:00,,,272.8001
2025-11-13T17:33:00+00:00,,,272.9300
2025-11-13T17:34:00+00:00,,,272.8100
2025-11-13T17:35:00+00:00,,,272.6900
2025-11-13T17:36:00+00:00,,,272.6300
2025-11-13T17:37:00+00:00,,,272.5100
2025-11-13T17:38:00+00:00,,,272.6200
2025-11-13T17:39:00+00:00,,,272.7700
2025-11-13T17:40:00+00:00,,,272.8550
2025-11-13T17:41:00+00:00,,,272.7700
2025-11-13T17:42:00+00:00,,,272.7700
2025-11-13T17:43:00+00:00,,,272.6600
2025-11-13T17:44:00+00:00,,,272.5701
2025-11-13T17:45:00+00:00,,,272.5900
2025-11-13T17:46:00+00:00,,,272.6100
2025-11-13T17:47:00+00:00,,,272.7200
2025-11-13T17:48:00+00:00,,,272.8000
2025-11-13T17:49:00+00:00,,,272.7500
2025-11-13T17:50:00+00:00,,,272.7400
2025-11-13T17:51:00+00:00,,,272.6200
2025-11-13T17:52:00+00:00,,,272.5400
2025-11-13T17:53:00+00:00,,,272.6500
2025-11-13T17:54:00+00:00,,,272.7350
2025-11-13T17:55:00+00:00,,,272.7590
2025-11-13T17:56:00+00:00,,,272.7000
2025-11-13T17:57:00+00:00,,,272.5500
2025-11-13T17:58:00+00:00,,,272.6400
2025-11-13T17:59:00+00:00,,,272.6099
2025-11-13T18:00:00+00:00,,,272.6550
2025-11-13T18:01:00+00:00,,,272.6500
2025-11-13T18:02:00+00:00,,,272.6300
2025-11-13T18:03:00+00:00,,,272.5000
2025-11-13T18:04:00+00:00,,,272.6300
2025-11-13T18:05:00+00:00,,,272.6610
2025-11-13T18:06:00+00:00,,,272.8140
2025-11-13T18:07:00+00:00,,,273.1299
2025-11-13T18:08:00+00:00,,,272.9700
2025-11-13T18:09:00+00:00,,,272.8606
2025-11-13T18:10:00+00:00,,,272.8950
2025-11-13T18:11:00+00:00,,,272.8900
2025-11-13T18:12:00+00:00,,,273.1400
2025-11-13T18:13:00+00:00,,,273.0300
2025-11-13T18:14:00+00:00,,,273.2202
2025-11-13T18:15:00+00:00,,,273.1750
2025-11-13T18:16:00+00:00,,,273.0300
2025-11-13T18:17:00+00:00,,,272.8904
2025-11-13T18:18:00+00:00,,,273.0900
2025-11-13T18:19:00+00:00,,,273.0900
2025-11-13T18:20:00+00:00,,,273.1850
2025-11-13T18:21:00+00:00,,,273.1499
2025-11-13T18:22:00+00:00,,,273.1600
2025-11-13T18:23:00+00:00,,,273.0200
2025-11-13T18:24:00+00:00,,,273.0550
2025-11-13T18:25:00+00:00,,,272.7900
2025-11-13T18:26:00+00:00,,,272.7300
2025-11-13T18:27:00+00:00,,,272.7301
2025-11-13T18:28:00+00:00,,,272.5500
2025-11-13T18:29:00+00:00,,,272.5701
2025-11-13T18:30:00+00:00,,,272.5300
2025-11-13T18:31:00+00:00,,,272.4500
2025-11-13T18:32:00+00:00,,,272.2250
2025-11-13T18:33:00+00:00,,,272.2700
2025-11-13T18:34:00+00:00,,,272.2100
2025-11-13T18:35:00+00:00,,,272.3650
2025-11-13T18:36:00+00:00,,,272.2650
2025-11-13T18:37:00+00:00,,,272.1950
2025-11-13T18:38:00+00:00,,,272.4400
2025-11-13T18:39:00+00:00,,,272.4197
2025-11-13T18:40:00+00:00,,,272.7500
2025-11-13T18:41:00+00:00,,,272.7201
2025-11-13T18:42:00+00:00,,,272.8500
2025-11-13T18:43:00+00:00,,,272.9900
2025-11-13T18:44:00+00:00,,,273.2150
2025-11-13T18:45:00+00:00,,,273.3800
2025-11-13T18:46:00+00:00,,,273.1400
2025-11-13T18:47:00+00:00,,,273.4200
2025-11-13T18:48:00+00:00,,,273.5850
2025-11-13T18:49:00+00:00,,,273.6799
2025-11-13T18:50:00+00:00,,,273.7600
2025-11-13T18:51:00+00:00,,,273.7300
2025-11-13T18:52:00+00:00,,,273.6900
2025-11-13T18:53:00+00:00,,,273.7600
2025-11-13T18:54:00+00:00,,,273.5850
2025-11-13T18:55:00+00:00,,,273.4595
2025-11-13T18:56:00+00:00,,,273.5700
2025-11-13T18:57:00+00:00,,,273.5301
2025-11-13T18:58:00+00:00,,,273.5650
2025-11-13T18:59:00+00:00,,,273.4392
2025-11-13T19:00:00+00:00,,,273.3400
2025-11-13T19:01:00+00:00,,,273.1900
2025-11-13T19:02:00+00:00,,,273.1700
2025-11-13T19:03:00+00:00,,,273.0200
2025-11-13T19:04:00+00:00,,,273.0682
2025-11-13T19:05:00+00:00,,,272.9100
2025-11-13T19:06:00+00:00,,,273.1350
2025-11-13T19:07:00+00:00,,,273.0400
2025-11-13T19:08:00+00:00,,,273.2000
2025-11-13T19:09:00+00:00,,,273.2599
2025-11-13T19:10:00+00:00,,,273.2700
2025-11-13T19:11:00+00:00,,,273.2330
2025-11-13T19:12:00+00:00,,,273.2200
2025-11-13T19:13:00+00:00,,,273.2100
2025-11-13T19:14:00+00:00,,,273.2300
2025-11-13T19:15:00+00:00,,,273.2650
2025-11-13T19:16:00+00:00,,,273.2850
2025-11-13T19:17:00+00:00,,,273.2855
2025-11-13T19:18:00+00:00,,,273.4250
2025-11-13T19:19:00+00:00,,,273.3300
2025-11-13T19:20:00+00:00,,,273.4900
2025-11-13T19:21:00+00:00,,,273.4700
2025-11-13T19:22:00+00:00,,,273.7150
2025-11-13T19:23:00+00:00,,,273.6000
2025-11-13T19:24:00+00:00,,,273.5800
2025-11-13T19:25:00+00:00,,,273.6900
2025-11-13T19:26:00+00:00,,,273.5650
2025-11-13T19:27:00+00:00,,,273.4700
2025-11-13T19:28:00+00:00,,,273.5350
2025-11-13T19:29:00+00:00,,,273.5300
2025-11-13T19:30:00+00:00,,,273.4000
2025-11-13T19:31:00+00:00,,,273.4900
2025-11-13T19:32:00+00:00,,,273.6300
2025-11-13T19:33:00+00:00,,,273.6200
2025-11-13T19:34:00+00:00,,,273.5900
2025-11-13T19:35:00+00:00,,,273.5600
2025-11-13T19:36:00+00:00,,,273.4150
2025-11-13T19:37:00+00:00,,,273.4300
2025-11-13T19:38:00+00:00,,,273.1950
2025-11-13T19:39:00+00:00,,,273.2500
2025-11-13T19:40:00+00:00,,,272.9350
2025-11-13T19:41:00+00:00,,,272.8118
2025-11-13T19:42:00+00:00,,,272.8800
2025-11-13T19:43:00+00:00,,,273.0100
2025-11-13T19:44:00+00:00,,,272.9500
2025-11-13T19:45:00+00:00,,,272.8350
2025-11-13T19:46:00+00:00,,,272.8100
2025-11-13T19:47:00+00:00,,,272.7317
2025-11-13T19:48:00+00:00,,,272.6600
2025-11-13T19:49:00+00:00,,,272.7000
2025-11-13T19:50:00+00:00,,,272.8200
2025-11-13T19:51:00+00:00,,,272.7500
2025-11-13T19:52:00+00:00,,,272.8800
2025-11-13T19:53:00+00:00,,,272.8109
2025-11-13T19:54:00+00:00,,,272.9100
2025-11-13T19:55:00+00:00,,,272.8100
2025-11-13T19:56:00+00:00,,,273.0000
2025-11-13T19:57:00+00:00,,,272.9800
2025-11-13T19:58:00+00:00,,,273.0900
2025-11-13T19:59:00+00:00,,,272.9800
2025-11-13T20:00:00+00:00,,,272.9900
2025-11-13T20:01:00+00:00,,,272.9400
2025-11-13T20:02:00+00:00,,,272.8100
2025-11-13T20:03:00+00:00,,,272.8000
2025-11-13T20:04:00+00:00,,,272.7068
2025-11-13T20:05:00+00:00,,,272.6500
2025-11-13T20:06:00+00:00,,,272.5700
2025-11-13T20:07:00+00:00,,,272.6200
2025-11-13T20:08:00+00:00,,,272.7900
2025-11-13T20:09:00+00:00,,,272.9050
2025-11-13T20:10:00+00:00,,,272.6000
2025-11-13T20:11:00+00:00,,,272.8300
2025-11-13T20:12:00+00:00,,,272.9450
2025-11-13T20:13:00+00:00,,,272.8200
2025-11-13T20:14:00+00:00,,,272.7300
2025-11-13T20:15:00+00:00,,,272.8500
2025-11-13T20:16:00+00:00,,,272.9100
2025-11-13T20:17:00+00:00,,,272.8500
2025-11-13T20:18:00+00:00,,,273.0450
2025-11-13T20:19:00+00:00,,,272.7800
2025-11-13T20:20:00+00:00,,,272.7650
2025-11-13T20:21:00+00:00,,,272.7500
2025-11-13T20:22:00+00:00,,,272.8700
2025-11-13T20:23:00+00:00,,,272.8900
2025-11-13T20:24:00+00:00,,,272.8800
2025-11-13T20:25:00+00:00,,,272.9300
2025-11-13T20:26:00+00:00,,,272.9300
2025-11-13T20:27:00+00:00,,,272.9750
2025-11-13T20:28:00+00:00,,,273.0100
2025-11-13T20:29:00+00:00,,,273.0396
2025-11-13T20:30:00+00:00,,,272.8400
2025-11-13T20:31:00+00:00,,,272.9100
2025-11-13T20:32:00+00:00,,,272.9200
2025-11-13T20:33:00+00:00,,,273.0400
2025-11-13T20:34:00+00:00,,,273.0700
2025-11-13T20:35:00+00:00,,,273.2500
2025-11-13T20:36:00+00:00,,,273.0535
2025-11-13T20:37:00+00:00,,,273.1700
2025-11-13T20:38:00+00:00,,,273.2300
2025-11-13T20:39:00+00:00,,,273.2200
2025-11-13T20:40:00+00:00,,,273.3600
2025-11-13T20:41:00+00:00,,,273.2900
2025-11-13T20:42:00+00:00,,,273.1340
2025-11-13T20:43:00+00:00,,,272.9850
2025-11-13T20:44:00+00:00,,,273.1550
2025-11-13T20:45:00+00:00,,,273.3500
2025-11-13T20:46:00+00:00,,,273.3200
2025-11-13T20:47:00+00:00,,,273.3300
2025-11-13T20:48:00+00:00,,,273.3250
2025-11-13T20:49:00+00:00,,,273.1950
2025-11-13T20:50:00+00:00,,,273.4100
2025-11-13T20:51:00+00:00,,,273.3700
2025-11-13T20:52:00+00:00,,,273.0300
2025-11-13T20:53:00+00:00,,,272.8400
2025-11-13T20:54:00+00:00,,,272.6400
2025-11-13T20:55:00+00:00,,,273.0200
2025-11-13T20:56:00+00:00,,,273.0100
2025-11-13T20:57:00+00:00,,,273.0200
2025-11-13T20:58:00+00:00,,,272.9000
2025-11-13T20:59:00+00:00,,,273.0400
2025-11-14T14:30:00+00:00,,,271.4700
2025-11-14T14:31:00+00:00,,,270.5800
2025-11-14T14:32:00+00:00,,,270.2600
2025-11-14T14:33:00+00:00,,,270.2350
2025-11-14T14:34:00+00:00,,,269.9352
2025-11-14T14:35:00+00:00,,,270.2100
2025-11-14T14:36:00+00:00,,,270.6400
2025-11-14T14:37:00+00:00,,,270.5400
2025-11-14T14:38:00+00:00,,,271.4800
2025-11-14T14:39:00+00:00,,,271.1700
2025-11-14T14:40:00+00:00,,,270.9405
2025-11-14T14:41:00+00:00,,,271.4387
2025-11-14T14:42:00+00:00,,,271.7300
2025-11-14T14:43:00+00:00,,,271.1300
2025-11-14T14:44:00+00:00,,,270.8800
2025-11-14T14:45:00+00:00,,,270.6452
2025-11-14T14:46:00+00:00,,,270.7200
2025-11-14T14:47:00+00:00,,,270.9600
2025-11-14T14:48:00+00:00,,,271.1000
2025-11-14T14:49:00+00:00,,,271.3855
2025-11-14T14:50:00+00:00,,,271.3950
2025-11-14T14:51:00+00:00,,,271.6000
2025-11-14T14:52:00+00:00,,,271.6700
2025-11-14T14:53:00+00:00,,,272.2580
2025-11-14T14:54:00+00:00,,,272.5801
2025-11-14T14:55:00+00:00,,,272.6600
2025-11-14T14:56:00+00:00,,,272.6000
2025-11-14T14:57:00+00:00,,,272.3800
2025-11-14T14:58:00+00:00,,,272.7850
2025-11-14T14:59:00+00:00,,,273.0000
2025-11-14T15:00:00+00:00,,,272.4750
2025-11-14T15:01:00+00:00,,,272.3600
2025-11-14T15:02:00+00:00,,,272.5900
2025-11-14T15:03:00+00:00,,,272.5440
2025-11-14T15:04:00+00:00,,,272.4050
2025-11-14T15:05:00+00:00,,,272.4400
2025-11-14T15:06:00+00:00,,,272.7150
2025-11-14T15:07:00+00:00,,,272.9244
2025-11-14T15:08:00+00:00,,,272.8252
2025-11-14T15:09:00+00:00,,,273.0100
2025-11-14T15:10:00+00:00,,,272.7802
2025-11-14T15:11:00+00:00,,,272.9200
2025-11-14T15:12:00+00:00,,,272.8175
2025-11-14T15:13:00+00:00,,,272.6000
2025-11-14T15:14:00+00:00,,,272.9613
2025-11-14T15:15:00+00:00,,,273.0200
2025-11-14T15:16:00+00:00,,,273.4500
2025-11-14T15:17:00+00:00,,,273.3500
2025-11-14T15:18:00+00:00,,,273.3790
2025-11-14T15:19:00+00:00,,,273.4200
2025-11-14T15:20:00+00:00,,,273.5700
2025-11-14T15:21:00+00:00,,,273.7500
2025-11-14T15:22:00+00:00,,,273.5800
2025-11-14T15:23:00+00:00,,,273.1000
2025-11-14T15:24:00+00:00,,,273.2100
2025-11-14T15:25:00+00:00,,,272.9500
2025-11-14T15:26:00+00:00,,,273.4001
2025-11-14T15:27:00+00:00,,,273.8400
2025-11-14T15:28:00+00:00,,,273.6100
2025-11-14T15:29:00+00:00,,,273.7592
2025-11-14T15:30:00+00:00,,,273.5934
2025-11-14T15:31:00+00:00,,,273.5150
2025-11-14T15:32:00+00:00,,,273.4600
2025-11-14T15:33:00+00:00,,,273.2800
2025-11-14T15:34:00+00:00,,,273.3600
2025-11-14T15:35:00+00:00,,,273.5400
2025-11-14T15:36:00+00:00,,,273.6900
2025-11-14T15:37:00+00:00,,,273.9100
2025-11-14T15:38:00+00:00,,,273.9700
2025-11-14T15:39:00+00:00,,,273.8400
2025-11-14T15:40:00+00:00,,,273.8590
2025-11-14T15:41:00+00:00,,,274.0100
2025-11-14T15:42:00+00:00,,,274.0400
2025-11-14T15:43:00+00:00,,,274.0200
2025-11-14T15:44:00+00:00,,,274.1100
2025-11-14T15:45:00+00:00,,,274.3099
2025-11-14T15:46:00+00:00,,,274.2844
2025-11-14T15:47:00+00:00,,,274.3500
2025-11-14T15:48:00+00:00,,,274.2210
2025-11-14T15:49:00+00:00,,,274.3045
2025-11-14T15:50:00+00:00,,,274.2257
2025-11-14T15:51:00+00:00,,,274.3950
2025-11-14T15:52:00+00:00,,,274.1750
2025-11-14T15:53:00+00:00,,,274.3300
2025-11-14T15:54:00+00:00,,,274.3100
2025-11-14T15:55:00+00:00,,,274.1800
2025-11-14T15:56:00+00:00,,,274.1091
2025-11-14T15:57:00+00:00,,,274.1800
2025-11-14T15:58:00+00:00,,,274.0600
2025-11-14T15:59:00+00:00,,,274.2455
2025-11-14T16:00:00+00:00,,,274.2297
2025-11-14T16:01:00+00:00,,,274.2350
2025-11-14T16:02:00+00:00,,,274.0201
2025-11-14T16:03:00+00:00,,,274.0400
2025-11-14T16:04:00+00:00,,,273.9650
2025-11-14T16:05:00+00:00,,,273.8150
2025-11-14T16:06:00+00:00,,,273.6100
2025-11-14T16:07:00+00:00,,,273.9100
2025-11-14T16:08:00+00:00,,,273.7900
2025-11-14T16:09:00+00:00,,,274.0200
2025-11-14T16:10:00+00:00,,,273.9400
2025-11-14T16:11:00+00:00,,,273.9700
2025-11-14T16:12:00+00:00,,,273.9400
2025-11-14T16:13:00+00:00,,,274.0450
2025-11-14T16:14:00+00:00,,,273.8400
2025-11-14T16:15:00+00:00,,,273.9200
2025-11-14T16:16:00+00:00,,,273.7400
2025-11-14T16:17:00+00:00,,,273.8875
2025-11-14T16:18:00+00:00,,,274.0100
2025-11-14T16:19:00+00:00,,,274.2000
2025-11-14T16:20:00+00:00,,,274.0200
2025-11-14T16:21:00+00:00,,,274.1044
2025-11-14T16:22:00+00:00,,,274.1600
2025-11-14T16:23:00+00:00,,,274.4850
2025-11-14T16:24:00+00:00,,,274.4700
2025-11-14T16:25:00+00:00,,,274.3100
2025-11-14T16:26:00+00:00,,,274.3515
2025-11-14T16:27:00+00:00,,,274.5550
2025-11-14T16:28:00+00:00,,,274.5505
2025-11-14T16:29:00+00:00,,,274.6500
2025-11-14T16:30:00+00:00,,,274.4200
2025-11-14T16:31:00+00:00,,,274.4100
2025-11-14T16:32:00+00:00,,,274.0850
2025-11-14T16:33:00+00:00,,,273.7900
2025-11-14T16:34:00+00:00,,,273.7600
2025-11-14T16:35:00+00:00,,,273.6500
2025-11-14T16:36:00+00:00,,,273.7050
2025-11-14T16:37:00+00:00,,,273.7850
2025-11-14T16:38:00+00:00,,,273.8800
2025-11-14T16:39:00+00:00,,,273.9900
2025-11-14T16:40:00+00:00,,,274.2000
2025-11-14T16:41:00+00:00,,,274.2100
2025-11-14T16:42:00+00:00,,,274.1400
2025-11-14T16:43:00+00:00,,,274.2650
2025-11-14T16:44:00+00:00,,,274.2300
2025-11-14T16:45:00+00:00,,,274.2300
2025-11-14T16:46:00+00:00,,,274.0400
2025-11-14T16:47:00+00:00,,,273.9703
2025-11-14T16:48:00+00:00,,,274.0600
2025-11-14T16:49:00+00:00,,,274.1350
2025-11-14T16:50:00+00:00,,,274.3700
2025-11-14T16:51:00+00:00,,,274.4753
2025-11-14T16:52:00+00:00,,,274.4150
2025-11-14T16:53:00+00:00,,,274.4900
2025-11-14T16:54:00+00:00,,,274.4750
2025-11-14T16:55:00+00:00,,,274.4900
2025-11-14T16:56:00+00:00,,,274.7073
2025-11-14T16:57:00+00:00,,,274.5900
2025-11-14T16:58:00+00:00,,,274.6900
2025-11-14T16:59:00+00:00,,,274.8300
2025-11-14T17:00:00+00:00,,,274.6500
2025-11-14T17:01:00+00:00,,,274.7000
2025-11-14T17:02:00+00:00,,,274.7074
2025-11-14T17:03:00+00:00,,,274.8000
2025-11-14T17:04:00+00:00,,,274.6575
2025-11-14T17:05:00+00:00,,,274.8450
2025-11-14T17:06:00+00:00,,,275.0000
2025-11-14T17:07:00+00:00,,,274.7600
2025-11-14T17:08:00+00:00,,,275.0276
2025-11-14T17:09:00+00:00,,,275.0200
2025-11-14T17:10:00+00:00,,,275.3150
2025-11-14T17:11:00+00:00,,,275.5376
2025-11-14T17:12:00+00:00,,,275.6200
2025-11-14T17:13:00+00:00,,,275.6050
2025-11-14T17:14:00+00:00,,,275.6499
2025-11-14T17:15:00+00:00,,,275.6400
2025-11-14T17:16:00+00:00,,,275.7800
2025-11-14T17:17:00+00:00,,,275.8400
2025-11-14T17:18:00+00:00,,,275.7050
2025-11-14T17:19:00+00:00,,,275.7500
2025-11-14T17:20:00+00:00,,,275.7800
2025-11-14T17:21:00+00:00,,,275.6200
2025-11-14T17:22:00+00:00,,,275.8500
2025-11-14T17:23:00+00:00,,,275.6300
2025-11-14T17:24:00+00:00,,,275.5800
2025-11-14T17:25:00+00:00,,,275.6000
2025-11-14T17:26:00+00:00,,,275.4800
2025-11-14T17:27:00+00:00,,,275.5600
2025-11-14T17:28:00+00:00,,,275.5200
2025-11-14T17:29:00+00:00,,,275.7050
2025-11-14T17:30:00+00:00,,,275.5900
2025-11-14T17:31:00+00:00,,,275.5000
2025-11-14T17:32:00+00:00,,,275.4601
2025-11-14T17:33:00+00:00,,,275.6350
2025-11-14T17:34:00+00:00,,,275.5950
2025-11-14T17:35:00+00:00,,,275.6750
2025-11-14T17:36:00+00:00,,,275.6200
2025-11-14T17:37:00+00:00,,,275.7800
2025-11-14T17:38:00+00:00,,,275.8852
2025-11-14T17:39:00+00:00,,,275.8400
2025-11-14T17:40:00+00:00,,,275.6800
2025-11-14T17:41:00+00:00,,,275.6034
2025-11-14T17:42:00+00:00,,,275.4900
2025-11-14T17:43:00+00:00,,,275.5800
2025-11-14T17:44:00+00:00,,,275.5500
2025-11-14T17:45:00+00:00,,,275.6400
2025-11-14T17:46:00+00:00,,,275.5350
2025-11-14T17:47:00+00:00,,,275.4750
2025-11-14T17:48:00+00:00,,,275.2950
2025-11-14T17:49:00+00:00,,,275.2100
2025-11-14T17:50:00+00:00,,,275.0400
2025-11-14T17:51:00+00:00,,,274.9000
2025-11-14T17:52:00+00:00,,,275.0901
2025-11-14T17:53:00+00:00,,,275.1055
2025-11-14T17:54:00+00:00,,,275.1150
2025-11-14T17:55:00+00:00,,,275.0700
2025-11-14T17:56:00+00:00,,,275.2670
2025-11-14T17:57:00+00:00,,,275.1445
2025-11-14T17:58:00+00:00,,,275.1600
2025-11-14T17:59:00+00:00,,,275.1300
2025-11-14T18:00:00+00:00,,,274.8325
2025-11-14T18:01:00+00:00,,,274.6899
2025-11-14T18:02:00+00:00,,,274.6315
2025-11-14T18:03:00+00:00,,,274.4400
2025-11-14T18:04:00+00:00,,,274.3095
2025-11-14T18:05:00+00:00,,,274.4600
2025-11-14T18:06:00+00:00,,,274.4940
2025-11-14T18:07:00+00:00,,,274.6400
2025-11-14T18:08:00+00:00,,,274.5278
2025-11-14T18:09:00+00:00,,,274.6500
2025-11-14T18:10:00+00:00,,,274.6900
2025-11-14T18:11:00+00:00,,,274.5775
2025-11-14T18:12:00+00:00,,,274.9200
2025-11-14T18:13:00+00:00,,,274.9400
2025-11-14T18:14:00+00:00,,,274.9580
2025-11-14T18:15:00+00:00,,,274.8000
2025-11-14T18:16:00+00:00,,,274.6800
2025-11-14T18:17:00+00:00,,,274.5400
2025-11-14T18:18:00+00:00,,,274.5023
2025-11-14T18:19:00+00:00,,,274.3750
2025-11-14T18:20:00+00:00,,,274.3300
2025-11-14T18:21:00+00:00,,,274.4461
2025-11-14T18:22:00+00:00,,,274.3300
2025-11-14T18:23:00+00:00,,,274.3800
2025-11-14T18:24:00+00:00,,,274.4650
2025-11-14T18:25:00+00:00,,,274.3300
2025-11-14T18:26:00+00:00,,,274.4550
2025-11-14T18:27:00+00:00,,,274.6600
2025-11-14T18:28:00+00:00,,,274.5573
2025-11-14T18:29:00+00:00,,,274.5850
2025-11-14T18:30:00+00:00,,,274.6800
2025-11-14T18:31:00+00:00,,,274.4773
2025-11-14T18:32:00+00:00,,,274.7250
2025-11-14T18:33:00+00:00,,,274.7300
2025-11-14T18:34:00+00:00,,,274.6200
2025-11-14T18:35:00+00:00,,,274.5164
2025-11-14T18:36:00+00:00,,,274.2950
2025-11-14T18:37:00+00:00,,,274.2350
2025-11-14T18:38:00+00:00,,,274.2300
2025-11-14T18:39:00+00:00,,,274.2350
2025-11-14T18:40:00+00:00,,,274.1800
2025-11-14T18:41:00+00:00,,,274.1400
2025-11-14T18:42:00+00:00,,,274.1000
2025-11-14T18:43:00+00:00,,,274.0600
2025-11-14T18:44:00+00:00,,,274.0000
2025-11-14T18:45:00+00:00,,,274.0400
2025-11-14T18:46:00+00:00,,,273.9700
2025-11-14T18:47:00+00:00,,,273.9500
2025-11-14T18:48:00+00:00,,,273.9400
2025-11-14T18:49:00+00:00,,,273.9900
2025-11-14T18:50:00+00:00,,,274.0500
2025-11-14T18:51:00+00:00,,,274.1600
2025-11-14T18:52:00+00:00,,,274.1767
2025-11-14T18:53:00+00:00,,,274.3800
2025-11-14T18:54:00+00:00,,,274.4651
2025-11-14T18:55:00+00:00,,,274.5567
2025-11-14T18:56:00+00:00,,,274.3400
2025-11-14T18:57:00+00:00,,,274.1000
2025-11-14T18:58:00+00:00,,,274.2300
2025-11-14T18:59:00+00:00,,,274.1500
2025-11-14T19:00:00+00:00,,,274.2200
2025-11-14T19:01:00+00:00,,,274.1800
2025-11-14T19:02:00+00:00,,,274.3299
2025-11-14T19:03:00+00:00,,,274.3800
2025-11-14T19:04:00+00:00,,,274.1910
2025-11-14T19:05:00+00:00,,,274.0532
2025-11-14T19:06:00+00:00,,,274.1750
2025-11-14T19:07:00+00:00,,,273.9300
2025-11-14T19:08:00+00:00,,,273.9200
2025-11-14T19:09:00+00:00,,,273.9733
2025-11-14T19:10:00+00:00,,,274.0300
2025-11-14T19:11:00+00:00,,,274.0100
2025-11-14T19:12:00+00:00,,,274.1000
2025-11-14T19:13:00+00:00,,,274.0200
2025-11-14T19:14:00+00:00,,,274.1500
2025-11-14T19:15:00+00:00,,,274.1100
2025-11-14T19:16:00+00:00,,,274.0666
2025-11-14T19:17:00+00:00,,,274.1000
2025-11-14T19:18:00+00:00,,,274.1301
2025-11-14T19:19:00+00:00,,,274.0200
2025-11-14T19:20:00+00:00,,,274.1800
2025-11-14T19:21:00+00:00,,,274.0900
2025-11-14T19:22:00+00:00,,,274.1300
2025-11-14T19:23:00+00:00,,,274.2500
2025-11-14T19:24:00+00:00,,,274.2250
2025-11-14T19:25:00+00:00,,,274.0257
2025-11-14T19:26:00+00:00,,,274.0245
2025-11-14T19:27:00+00:00,,,274.1000
2025-11-14T19:28:00+00:00,,,274.0900
2025-11-14T19:29:00+00:00,,,273.9600
2025-11-14T19:30:00+00:00,,,274.1100
2025-11-14T19:31:00+00:00,,,273.9250
2025-11-14T19:32:00+00:00,,,274.0195
2025-11-14T19:33:00+00:00,,,274.0200
2025-11-14T19:34:00+00:00,,,273.9501
2025-11-14T19:35:00+00:00,,,273.9900
2025-11-14T19:36:00+00:00,,,274.1350
2025-11-14T19:37:00+00:00,,,274.0755
2025-11-14T19:38:00+00:00,,,274.0400
2025-11-14T19:39:00+00:00,,,274.0700
2025-11-14T19:40:00+00:00,,,274.0100
2025-11-14T19:41:00+00:00,,,274.0400
2025-11-14T19:42:00+00:00,,,274.0617
2025-11-14T19:43:00+00:00,,,274.0500
2025-11-14T19:44:00+00:00,,,273.9170
2025-11-14T19:45:00+00:00,,,274.0100
2025-11-14T19:46:00+00:00,,,274.2250
2025-11-14T19:47:00+00:00,,,274.1780
2025-11-14T19:48:00+00:00,,,273.8050
2025-11-14T19:49:00+00:00,,,273.9000
2025-11-14T19:50:00+00:00,,,274.0500
2025-11-14T19:51:00+00:00,,,273.9683
2025-11-14T19:52:00+00:00,,,274.0010
2025-11-14T19:53:00+00:00,,,273.9500
2025-11-14T19:54:00+00:00,,,273.9350
2025-11-14T19:55:00+00:00,,,273.9700
2025-11-14T19:56:00+00:00,,,274.0200
2025-11-14T19:57:00+00:00,,,274.0875
2025-11-14T19:58:00+00:00,,,273.9400
2025-11-14T19:59:00+00:00,,,274.0200
2025-11-14T20:00:00+00:00,,,274.0000
2025-11-14T20:01:00+00:00,,,274.1800
2025-11-14T20:02:00+00:00,,,274.2301
2025-11-14T20:03:00+00:00,,,274.0499
2025-11-14T20:04:00+00:00,,,274.0400
2025-11-14T20:05:00+00:00,,,273.9944
2025-11-14T20:06:00+00:00,,,273.8900
2025-11-14T20:07:00+00:00,,,273.8055
2025-11-14T20:08:00+00:00,,,273.7750
2025-11-14T20:09:00+00:00,,,273.8300
2025-11-14T20:10:00+00:00,,,273.9200
2025-11-14T20:11:00+00:00,,,273.7500
2025-11-14T20:12:00+00:00,,,273.7900
2025-11-14T20:13:00+00:00,,,273.7300
2025-11-14T20:14:00+00:00,,,273.7500
2025-11-14T20:15:00+00:00,,,273.6700
2025-11-14T20:16:00+00:00,,,273.7600
2025-11-14T20:17:00+00:00,,,273.7200
2025-11-14T20:18:00+00:00,,,273.5550
2025-11-14T20:19:00+00:00,,,273.4456
2025-11-14T20:20:00+00:00,,,273.5200
2025-11-14T20:21:00+00:00,,,273.2500
2025-11-14T20:22:00+00:00,,,273.2000
2025-11-14T20:23:00+00:00,,,273.1500
2025-11-14T20:24:00+00:00,,,273.2300
2025-11-14T20:25:00+00:00,,,273.2300
2025-11-14T20:26:00+00:00,,,273.2000
2025-11-14T20:27:00+00:00,,,272.9659
2025-11-14T20:28:00+00:00,,,272.9250
2025-11-14T20:29:00+00:00,,,272.9900
2025-11-14T20:30:00+00:00,,,272.9200
2025-11-14T20:31:00+00:00,,,272.8860
2025-11-14T20:32:00+00:00,,,273.1300
2025-11-14T20:33:00+00:00,,,273.1400
2025-11-14T20:34:00+00:00,,,273.1700
2025-11-14T20:35:00+00:00,,,273.1600
2025-11-14T20:36:00+00:00,,,273.0800
2025-11-14T20:37:00+00:00,,,273.0827
2025-11-14T20:38:00+00:00,,,273.0800
2025-11-14T20:39:00+00:00,,,273.1700
2025-11-14T20:40:00+00:00,,,272.8700
2025-11-14T20:41:00+00:00,,,272.7799
2025-11-14T20:42:00+00:00,,,273.0100
2025-11-14T20:43:00+00:00,,,272.9450
2025-11-14T20:44:00+00:00,,,272.9150
2025-11-14T20:45:00+00:00,,,273.0217
2025-11-14T20:46:00+00:00,,,272.9300
2025-11-14T20:47:00+00:00,,,272.6800
2025-11-14T20:48:00+00:00,,,272.6500
2025-11-14T20:49:00+00:00,,,272.6150
2025-11-14T20:50:00+00:00,,,272.6900
2025-11-14T20:51:00+00:00,,,272.4900
2025-11-14T20:52:00+00:00,,,272.3350
2025-11-14T20:53:00+00:00,,,272.6800
2025-11-14T20:54:00+00:00,,,272.4400
2025-11-14T20:55:00+00:00,,,272.3200
2025-11-14T20:56:00+00:00,,,272.4400
2025-11-14T20:57:00+00:00,,,272.3250
2025-11-14T20:58:00+00:00,,,272.1800
2025-11-14T20:59:00+00:00,,,272.5500
